<?xml version="1.0" encoding="UTF-8"?>
<!DOCTYPE generatorConfiguration
        PUBLIC "-//mybatis.org//DTD MyBatis Generator Configuration 1.0//EN"
        "http://mybatis.org/dtd/mybatis-generator-config_1_0.dtd">
<generatorConfiguration>

    <!-- 数据库驱动:选择你的本地硬盘上面的数据库驱动包 -->
    <classPathEntry  location="/Users/liuruibin/.m2/repository/mysql/mysql-connector-java/5.1.34/mysql-connector-java-5.1.34.jar"/>
    <!-- <classPathEntry  location="D:\maven-warehouse\repository\mysql\mysql-connector-java\8.0.17\mysql-connector-java-8.0.17.jar"/> -->

    <context id="DB2Tables"  targetRuntime="MyBatis3">
        <property name="autoDelimitKeywords" value="true"/>
        <property name="beginningDelimiter" value="`"/>
        <property name="endingDelimiter" value="`"/>

        <!-- 实体类生成序列化属性-->
        <plugin type="org.mybatis.generator.plugins.SerializablePlugin" />
<!--        &lt;!&ndash; 实体类重写HashCode()和equals()&ndash;&gt;-->
<!--        <plugin type="org.mybatis.generator.plugins.EqualsHashCodePlugin" />-->
<!--        &lt;!&ndash; 实体类重写toString() &ndash;&gt;-->
<!--        <plugin type="org.mybatis.generator.plugins.ToStringPlugin" />-->

        <commentGenerator>
            <!-- 是否去除自动生成的注释 -->
            <property name="suppressAllComments" value="true"/>
            <!-- 生成注释是否带时间戳-->
            <property name="suppressDate" value="true"/>
            <!-- 生成的Java文件的编码格式 -->
            <property name="javaFileEncoding" value="utf-8"/>
            <!-- 格式化java代码-->
            <property name="javaFormatter" value="org.mybatis.generator.api.dom.DefaultJavaFormatter" />
            <!-- 格式化XML代码-->
            <property name="xmlFormatter" value="org.mybatis.generator.api.dom.DefaultXmlFormatter" />
        </commentGenerator>

        <!-- 数据库连接驱动类,URL，用户名、密码 -->
        <jdbcConnection driverClass="com.mysql.jdbc.Driver"
                        connectionURL="jdbc:mysql://10.1.14.234:3306/metersphere?useUnicode=true&amp;characterEncoding=UTF-8"
                        userId="root" password="Password123@mysql">
        </jdbcConnection>

        <!-- java类型处理器：处理DB中的类型到Java中的类型 -->
        <javaTypeResolver type="org.mybatis.generator.internal.types.JavaTypeResolverDefaultImpl">
            <!-- 是否有效识别DB中的BigDecimal类型 -->
            <property name="forceBigDecimals" value="true"/>
        </javaTypeResolver>

        <!-- 生成Domain模型：包名(targetPackage)、位置(targetProject) -->
        <javaModelGenerator targetPackage="com.ms.migration.domain" targetProject="src/main/java">
            <!-- 在targetPackage的基础上，根据数据库的schema再生成一层package，最终生成的类放在这个package下，默认为false -->
            <property name="enableSubPackages" value="true"/>
            <!-- 设置是否在getter方法中，对String类型字段调用trim()方法-->
            <property name="trimStrings" value="true"/>
        </javaModelGenerator>

        <!-- 生成xml映射文件：包名(targetPackage)、位置(targetProject) -->
        <sqlMapGenerator targetProject="src/main/resources/mapper">
            <property name="enableSubPackages" value="true"/>
        </sqlMapGenerator>

        <!-- 生成DAO接口：包名(targetPackage)、位置(targetProject) -->
        <javaClientGenerator type="XMLMAPPER" targetPackage="com.ms.migration.mapper" targetProject="src/main/java">
            <property name="enableSubPackages" value="true"/>
        </javaClientGenerator>

        <!-- 要生成的表：tableName - 数据库中的表名或视图名，domainObjectName - 实体类名 -->
        <table tableName="workspace">
        </table>

    </context>
</generatorConfiguration>