<?xml version="1.0" encoding="UTF-8"?>
<!DOCTYPE generatorConfiguration
        PUBLIC "-//mybatis.org//DTD MyBatis Generator Configuration 1.0//EN"
        "http://mybatis.org/dtd/mybatis-generator-config_1_0.dtd">
<generatorConfiguration>
    <!-- 数据库驱动 -->
    <classPathEntry location="/Users/liujianqiang/.m2/repository/mysql/mysql-connector-java/8.0.28/mysql-connector-java-8.0.28.jar" />

    <context id="DB2Tables" targetRuntime="MyBatis3">
        <!-- 实体类生成序列化属性 -->
        <plugin type="org.mybatis.generator.plugins.SerializablePlugin" />

        <commentGenerator>
            <!-- 是否去除自动生成的注释 -->
            <property name="suppressAllComments" value="true" />
            <!-- 生成注释是否带时间戳-->
            <property name="suppressDate" value="true" />
            <!-- 生成的Java文件的编码格式 -->
            <property name="javaFileEncoding" value="UTF-8" />
        </commentGenerator>

        <!-- 数据库连接 -->
        <jdbcConnection driverClass="com.mysql.jdbc.Driver"
                        connectionURL="jdbc:mysql://10.1.14.234:3306/metersphere?useUnicode=true&amp;characterEncoding=UTF-8"
                        userId="root" password="Password123@mysql" />

        <!-- Java模型生成器 -->
        <javaModelGenerator targetPackage="com.ms.migration.domain" targetProject="src/main/java">
            <property name="enableSubPackages" value="true" />
            <property name="trimStrings" value="true" />
        </javaModelGenerator>

        <!-- XML映射文件生成器 -->
        <sqlMapGenerator targetPackage="com.ms.migration.mapper" targetProject="src/main/java">
            <property name="enableSubPackages" value="true" />
            <property name="autoDelimitKeywords" value="true"></property>
            <property name="beginningDelimiter" value="`" />
            <property name="endingDelimiter" value="`" />
        </sqlMapGenerator>

        <!-- DAO接口生成器 -->
        <javaClientGenerator type="XMLMAPPER" targetPackage="com.ms.migration.mapper" targetProject="src/main/java">
            <property name="enableSubPackages" value="true" />
        </javaClientGenerator>

        <!-- 要生成的表 -->


        <!-- 其他表配置 -->
        <table tableName="api_scenario_reference_id" />
<!--        <table tableName="api_scenario" />-->
<!--        <table tableName="api_test_case" />-->

    </context>
</generatorConfiguration>
