<?xml version="1.0" encoding="UTF-8"?>
<!DOCTYPE mapper PUBLIC "-//mybatis.org//DTD Mapper 3.0//EN" "http://mybatis.org/dtd/mybatis-3-mapper.dtd">
<mapper namespace="com.ms.migration.mapper.ProjectMapper">
  <resultMap id="BaseResultMap" type="com.ms.migration.domain.Project">
    <id column="id" jdbcType="VARCHAR" property="id" />
    <result column="workspace_id" jdbcType="VARCHAR" property="workspaceId" />
    <result column="name" jdbcType="VARCHAR" property="name" />
    <result column="description" jdbcType="VARCHAR" property="description" />
    <result column="create_time" jdbcType="BIGINT" property="createTime" />
    <result column="update_time" jdbcType="BIGINT" property="updateTime" />
    <result column="tapd_id" jdbcType="VARCHAR" property="tapdId" />
    <result column="jira_key" jdbcType="VARCHAR" property="jiraKey" />
    <result column="zentao_id" jdbcType="VARCHAR" property="zentaoId" />
    <result column="azure_devops_id" jdbcType="VARCHAR" property="azureDevopsId" />
    <result column="case_template_id" jdbcType="VARCHAR" property="caseTemplateId" />
    <result column="issue_template_id" jdbcType="VARCHAR" property="issueTemplateId" />
    <result column="create_user" jdbcType="VARCHAR" property="createUser" />
    <result column="system_id" jdbcType="VARCHAR" property="systemId" />
    <result column="azure_filter_id" jdbcType="VARCHAR" property="azureFilterId" />
    <result column="platform" jdbcType="VARCHAR" property="platform" />
    <result column="third_part_template" jdbcType="BIT" property="thirdPartTemplate" />
    <result column="version_enable" jdbcType="BIT" property="versionEnable" />
    <result column="api_template_id" jdbcType="VARCHAR" property="apiTemplateId" />
  </resultMap>
  <resultMap extends="BaseResultMap" id="ResultMapWithBLOBs" type="com.ms.migration.domain.Project">
    <result column="issue_config" jdbcType="LONGVARCHAR" property="issueConfig" />
  </resultMap>
  <sql id="Example_Where_Clause">
    <where>
      <foreach collection="oredCriteria" item="criteria" separator="or">
        <if test="criteria.valid">
          <trim prefix="(" prefixOverrides="and" suffix=")">
            <foreach collection="criteria.criteria" item="criterion">
              <choose>
                <when test="criterion.noValue">
                  and ${criterion.condition}
                </when>
                <when test="criterion.singleValue">
                  and ${criterion.condition} #{criterion.value}
                </when>
                <when test="criterion.betweenValue">
                  and ${criterion.condition} #{criterion.value} and #{criterion.secondValue}
                </when>
                <when test="criterion.listValue">
                  and ${criterion.condition}
                  <foreach close=")" collection="criterion.value" item="listItem" open="(" separator=",">
                    #{listItem}
                  </foreach>
                </when>
              </choose>
            </foreach>
          </trim>
        </if>
      </foreach>
    </where>
  </sql>
  <sql id="Update_By_Example_Where_Clause">
    <where>
      <foreach collection="example.oredCriteria" item="criteria" separator="or">
        <if test="criteria.valid">
          <trim prefix="(" prefixOverrides="and" suffix=")">
            <foreach collection="criteria.criteria" item="criterion">
              <choose>
                <when test="criterion.noValue">
                  and ${criterion.condition}
                </when>
                <when test="criterion.singleValue">
                  and ${criterion.condition} #{criterion.value}
                </when>
                <when test="criterion.betweenValue">
                  and ${criterion.condition} #{criterion.value} and #{criterion.secondValue}
                </when>
                <when test="criterion.listValue">
                  and ${criterion.condition}
                  <foreach close=")" collection="criterion.value" item="listItem" open="(" separator=",">
                    #{listItem}
                  </foreach>
                </when>
              </choose>
            </foreach>
          </trim>
        </if>
      </foreach>
    </where>
  </sql>
  <sql id="Base_Column_List">
    id, workspace_id, name, description, create_time, update_time, tapd_id, jira_key, 
    zentao_id, azure_devops_id, case_template_id, issue_template_id, create_user, system_id, 
    azure_filter_id, platform, third_part_template, version_enable, api_template_id
  </sql>
  <sql id="Blob_Column_List">
    issue_config
  </sql>
  <select id="selectByExampleWithBLOBs" parameterType="com.ms.migration.domain.ProjectExample" resultMap="ResultMapWithBLOBs">
    select
    <if test="distinct">
      distinct
    </if>
    <include refid="Base_Column_List" />
    ,
    <include refid="Blob_Column_List" />
    from project
    <if test="_parameter != null">
      <include refid="Example_Where_Clause" />
    </if>
    <if test="orderByClause != null">
      order by ${orderByClause}
    </if>
  </select>
  <select id="selectByExample" parameterType="com.ms.migration.domain.ProjectExample" resultMap="BaseResultMap">
    select
    <if test="distinct">
      distinct
    </if>
    <include refid="Base_Column_List" />
    from project
    <if test="_parameter != null">
      <include refid="Example_Where_Clause" />
    </if>
    <if test="orderByClause != null">
      order by ${orderByClause}
    </if>
  </select>
  <select id="selectByPrimaryKey" parameterType="java.lang.String" resultMap="ResultMapWithBLOBs">
    select 
    <include refid="Base_Column_List" />
    ,
    <include refid="Blob_Column_List" />
    from project
    where id = #{id,jdbcType=VARCHAR}
  </select>
  <delete id="deleteByPrimaryKey" parameterType="java.lang.String">
    delete from project
    where id = #{id,jdbcType=VARCHAR}
  </delete>
  <delete id="deleteByExample" parameterType="com.ms.migration.domain.ProjectExample">
    delete from project
    <if test="_parameter != null">
      <include refid="Example_Where_Clause" />
    </if>
  </delete>
  <insert id="insert" parameterType="com.ms.migration.domain.Project">
    insert into project (id, workspace_id, name, 
      description, create_time, update_time, 
      tapd_id, jira_key, zentao_id, 
      azure_devops_id, case_template_id, issue_template_id, 
      create_user, system_id, azure_filter_id, 
      platform, third_part_template, version_enable, 
      api_template_id, issue_config)
    values (#{id,jdbcType=VARCHAR}, #{workspaceId,jdbcType=VARCHAR}, #{name,jdbcType=VARCHAR}, 
      #{description,jdbcType=VARCHAR}, #{createTime,jdbcType=BIGINT}, #{updateTime,jdbcType=BIGINT}, 
      #{tapdId,jdbcType=VARCHAR}, #{jiraKey,jdbcType=VARCHAR}, #{zentaoId,jdbcType=VARCHAR}, 
      #{azureDevopsId,jdbcType=VARCHAR}, #{caseTemplateId,jdbcType=VARCHAR}, #{issueTemplateId,jdbcType=VARCHAR}, 
      #{createUser,jdbcType=VARCHAR}, #{systemId,jdbcType=VARCHAR}, #{azureFilterId,jdbcType=VARCHAR}, 
      #{platform,jdbcType=VARCHAR}, #{thirdPartTemplate,jdbcType=BIT}, #{versionEnable,jdbcType=BIT}, 
      #{apiTemplateId,jdbcType=VARCHAR}, #{issueConfig,jdbcType=LONGVARCHAR})
  </insert>
  <insert id="insertSelective" parameterType="com.ms.migration.domain.Project">
    insert into project
    <trim prefix="(" suffix=")" suffixOverrides=",">
      <if test="id != null">
        id,
      </if>
      <if test="workspaceId != null">
        workspace_id,
      </if>
      <if test="name != null">
        name,
      </if>
      <if test="description != null">
        description,
      </if>
      <if test="createTime != null">
        create_time,
      </if>
      <if test="updateTime != null">
        update_time,
      </if>
      <if test="tapdId != null">
        tapd_id,
      </if>
      <if test="jiraKey != null">
        jira_key,
      </if>
      <if test="zentaoId != null">
        zentao_id,
      </if>
      <if test="azureDevopsId != null">
        azure_devops_id,
      </if>
      <if test="caseTemplateId != null">
        case_template_id,
      </if>
      <if test="issueTemplateId != null">
        issue_template_id,
      </if>
      <if test="createUser != null">
        create_user,
      </if>
      <if test="systemId != null">
        system_id,
      </if>
      <if test="azureFilterId != null">
        azure_filter_id,
      </if>
      <if test="platform != null">
        platform,
      </if>
      <if test="thirdPartTemplate != null">
        third_part_template,
      </if>
      <if test="versionEnable != null">
        version_enable,
      </if>
      <if test="apiTemplateId != null">
        api_template_id,
      </if>
      <if test="issueConfig != null">
        issue_config,
      </if>
    </trim>
    <trim prefix="values (" suffix=")" suffixOverrides=",">
      <if test="id != null">
        #{id,jdbcType=VARCHAR},
      </if>
      <if test="workspaceId != null">
        #{workspaceId,jdbcType=VARCHAR},
      </if>
      <if test="name != null">
        #{name,jdbcType=VARCHAR},
      </if>
      <if test="description != null">
        #{description,jdbcType=VARCHAR},
      </if>
      <if test="createTime != null">
        #{createTime,jdbcType=BIGINT},
      </if>
      <if test="updateTime != null">
        #{updateTime,jdbcType=BIGINT},
      </if>
      <if test="tapdId != null">
        #{tapdId,jdbcType=VARCHAR},
      </if>
      <if test="jiraKey != null">
        #{jiraKey,jdbcType=VARCHAR},
      </if>
      <if test="zentaoId != null">
        #{zentaoId,jdbcType=VARCHAR},
      </if>
      <if test="azureDevopsId != null">
        #{azureDevopsId,jdbcType=VARCHAR},
      </if>
      <if test="caseTemplateId != null">
        #{caseTemplateId,jdbcType=VARCHAR},
      </if>
      <if test="issueTemplateId != null">
        #{issueTemplateId,jdbcType=VARCHAR},
      </if>
      <if test="createUser != null">
        #{createUser,jdbcType=VARCHAR},
      </if>
      <if test="systemId != null">
        #{systemId,jdbcType=VARCHAR},
      </if>
      <if test="azureFilterId != null">
        #{azureFilterId,jdbcType=VARCHAR},
      </if>
      <if test="platform != null">
        #{platform,jdbcType=VARCHAR},
      </if>
      <if test="thirdPartTemplate != null">
        #{thirdPartTemplate,jdbcType=BIT},
      </if>
      <if test="versionEnable != null">
        #{versionEnable,jdbcType=BIT},
      </if>
      <if test="apiTemplateId != null">
        #{apiTemplateId,jdbcType=VARCHAR},
      </if>
      <if test="issueConfig != null">
        #{issueConfig,jdbcType=LONGVARCHAR},
      </if>
    </trim>
  </insert>
  <select id="countByExample" parameterType="com.ms.migration.domain.ProjectExample" resultType="java.lang.Long">
    select count(*) from project
    <if test="_parameter != null">
      <include refid="Example_Where_Clause" />
    </if>
  </select>
  <update id="updateByExampleSelective" parameterType="map">
    update project
    <set>
      <if test="record.id != null">
        id = #{record.id,jdbcType=VARCHAR},
      </if>
      <if test="record.workspaceId != null">
        workspace_id = #{record.workspaceId,jdbcType=VARCHAR},
      </if>
      <if test="record.name != null">
        name = #{record.name,jdbcType=VARCHAR},
      </if>
      <if test="record.description != null">
        description = #{record.description,jdbcType=VARCHAR},
      </if>
      <if test="record.createTime != null">
        create_time = #{record.createTime,jdbcType=BIGINT},
      </if>
      <if test="record.updateTime != null">
        update_time = #{record.updateTime,jdbcType=BIGINT},
      </if>
      <if test="record.tapdId != null">
        tapd_id = #{record.tapdId,jdbcType=VARCHAR},
      </if>
      <if test="record.jiraKey != null">
        jira_key = #{record.jiraKey,jdbcType=VARCHAR},
      </if>
      <if test="record.zentaoId != null">
        zentao_id = #{record.zentaoId,jdbcType=VARCHAR},
      </if>
      <if test="record.azureDevopsId != null">
        azure_devops_id = #{record.azureDevopsId,jdbcType=VARCHAR},
      </if>
      <if test="record.caseTemplateId != null">
        case_template_id = #{record.caseTemplateId,jdbcType=VARCHAR},
      </if>
      <if test="record.issueTemplateId != null">
        issue_template_id = #{record.issueTemplateId,jdbcType=VARCHAR},
      </if>
      <if test="record.createUser != null">
        create_user = #{record.createUser,jdbcType=VARCHAR},
      </if>
      <if test="record.systemId != null">
        system_id = #{record.systemId,jdbcType=VARCHAR},
      </if>
      <if test="record.azureFilterId != null">
        azure_filter_id = #{record.azureFilterId,jdbcType=VARCHAR},
      </if>
      <if test="record.platform != null">
        platform = #{record.platform,jdbcType=VARCHAR},
      </if>
      <if test="record.thirdPartTemplate != null">
        third_part_template = #{record.thirdPartTemplate,jdbcType=BIT},
      </if>
      <if test="record.versionEnable != null">
        version_enable = #{record.versionEnable,jdbcType=BIT},
      </if>
      <if test="record.apiTemplateId != null">
        api_template_id = #{record.apiTemplateId,jdbcType=VARCHAR},
      </if>
      <if test="record.issueConfig != null">
        issue_config = #{record.issueConfig,jdbcType=LONGVARCHAR},
      </if>
    </set>
    <if test="_parameter != null">
      <include refid="Update_By_Example_Where_Clause" />
    </if>
  </update>
  <update id="updateByExampleWithBLOBs" parameterType="map">
    update project
    set id = #{record.id,jdbcType=VARCHAR},
      workspace_id = #{record.workspaceId,jdbcType=VARCHAR},
      name = #{record.name,jdbcType=VARCHAR},
      description = #{record.description,jdbcType=VARCHAR},
      create_time = #{record.createTime,jdbcType=BIGINT},
      update_time = #{record.updateTime,jdbcType=BIGINT},
      tapd_id = #{record.tapdId,jdbcType=VARCHAR},
      jira_key = #{record.jiraKey,jdbcType=VARCHAR},
      zentao_id = #{record.zentaoId,jdbcType=VARCHAR},
      azure_devops_id = #{record.azureDevopsId,jdbcType=VARCHAR},
      case_template_id = #{record.caseTemplateId,jdbcType=VARCHAR},
      issue_template_id = #{record.issueTemplateId,jdbcType=VARCHAR},
      create_user = #{record.createUser,jdbcType=VARCHAR},
      system_id = #{record.systemId,jdbcType=VARCHAR},
      azure_filter_id = #{record.azureFilterId,jdbcType=VARCHAR},
      platform = #{record.platform,jdbcType=VARCHAR},
      third_part_template = #{record.thirdPartTemplate,jdbcType=BIT},
      version_enable = #{record.versionEnable,jdbcType=BIT},
      api_template_id = #{record.apiTemplateId,jdbcType=VARCHAR},
      issue_config = #{record.issueConfig,jdbcType=LONGVARCHAR}
    <if test="_parameter != null">
      <include refid="Update_By_Example_Where_Clause" />
    </if>
  </update>
  <update id="updateByExample" parameterType="map">
    update project
    set id = #{record.id,jdbcType=VARCHAR},
      workspace_id = #{record.workspaceId,jdbcType=VARCHAR},
      name = #{record.name,jdbcType=VARCHAR},
      description = #{record.description,jdbcType=VARCHAR},
      create_time = #{record.createTime,jdbcType=BIGINT},
      update_time = #{record.updateTime,jdbcType=BIGINT},
      tapd_id = #{record.tapdId,jdbcType=VARCHAR},
      jira_key = #{record.jiraKey,jdbcType=VARCHAR},
      zentao_id = #{record.zentaoId,jdbcType=VARCHAR},
      azure_devops_id = #{record.azureDevopsId,jdbcType=VARCHAR},
      case_template_id = #{record.caseTemplateId,jdbcType=VARCHAR},
      issue_template_id = #{record.issueTemplateId,jdbcType=VARCHAR},
      create_user = #{record.createUser,jdbcType=VARCHAR},
      system_id = #{record.systemId,jdbcType=VARCHAR},
      azure_filter_id = #{record.azureFilterId,jdbcType=VARCHAR},
      platform = #{record.platform,jdbcType=VARCHAR},
      third_part_template = #{record.thirdPartTemplate,jdbcType=BIT},
      version_enable = #{record.versionEnable,jdbcType=BIT},
      api_template_id = #{record.apiTemplateId,jdbcType=VARCHAR}
    <if test="_parameter != null">
      <include refid="Update_By_Example_Where_Clause" />
    </if>
  </update>
  <update id="updateByPrimaryKeySelective" parameterType="com.ms.migration.domain.Project">
    update project
    <set>
      <if test="workspaceId != null">
        workspace_id = #{workspaceId,jdbcType=VARCHAR},
      </if>
      <if test="name != null">
        name = #{name,jdbcType=VARCHAR},
      </if>
      <if test="description != null">
        description = #{description,jdbcType=VARCHAR},
      </if>
      <if test="createTime != null">
        create_time = #{createTime,jdbcType=BIGINT},
      </if>
      <if test="updateTime != null">
        update_time = #{updateTime,jdbcType=BIGINT},
      </if>
      <if test="tapdId != null">
        tapd_id = #{tapdId,jdbcType=VARCHAR},
      </if>
      <if test="jiraKey != null">
        jira_key = #{jiraKey,jdbcType=VARCHAR},
      </if>
      <if test="zentaoId != null">
        zentao_id = #{zentaoId,jdbcType=VARCHAR},
      </if>
      <if test="azureDevopsId != null">
        azure_devops_id = #{azureDevopsId,jdbcType=VARCHAR},
      </if>
      <if test="caseTemplateId != null">
        case_template_id = #{caseTemplateId,jdbcType=VARCHAR},
      </if>
      <if test="issueTemplateId != null">
        issue_template_id = #{issueTemplateId,jdbcType=VARCHAR},
      </if>
      <if test="createUser != null">
        create_user = #{createUser,jdbcType=VARCHAR},
      </if>
      <if test="systemId != null">
        system_id = #{systemId,jdbcType=VARCHAR},
      </if>
      <if test="azureFilterId != null">
        azure_filter_id = #{azureFilterId,jdbcType=VARCHAR},
      </if>
      <if test="platform != null">
        platform = #{platform,jdbcType=VARCHAR},
      </if>
      <if test="thirdPartTemplate != null">
        third_part_template = #{thirdPartTemplate,jdbcType=BIT},
      </if>
      <if test="versionEnable != null">
        version_enable = #{versionEnable,jdbcType=BIT},
      </if>
      <if test="apiTemplateId != null">
        api_template_id = #{apiTemplateId,jdbcType=VARCHAR},
      </if>
      <if test="issueConfig != null">
        issue_config = #{issueConfig,jdbcType=LONGVARCHAR},
      </if>
    </set>
    where id = #{id,jdbcType=VARCHAR}
  </update>
  <update id="updateByPrimaryKeyWithBLOBs" parameterType="com.ms.migration.domain.Project">
    update project
    set workspace_id = #{workspaceId,jdbcType=VARCHAR},
      name = #{name,jdbcType=VARCHAR},
      description = #{description,jdbcType=VARCHAR},
      create_time = #{createTime,jdbcType=BIGINT},
      update_time = #{updateTime,jdbcType=BIGINT},
      tapd_id = #{tapdId,jdbcType=VARCHAR},
      jira_key = #{jiraKey,jdbcType=VARCHAR},
      zentao_id = #{zentaoId,jdbcType=VARCHAR},
      azure_devops_id = #{azureDevopsId,jdbcType=VARCHAR},
      case_template_id = #{caseTemplateId,jdbcType=VARCHAR},
      issue_template_id = #{issueTemplateId,jdbcType=VARCHAR},
      create_user = #{createUser,jdbcType=VARCHAR},
      system_id = #{systemId,jdbcType=VARCHAR},
      azure_filter_id = #{azureFilterId,jdbcType=VARCHAR},
      platform = #{platform,jdbcType=VARCHAR},
      third_part_template = #{thirdPartTemplate,jdbcType=BIT},
      version_enable = #{versionEnable,jdbcType=BIT},
      api_template_id = #{apiTemplateId,jdbcType=VARCHAR},
      issue_config = #{issueConfig,jdbcType=LONGVARCHAR}
    where id = #{id,jdbcType=VARCHAR}
  </update>
  <update id="updateByPrimaryKey" parameterType="com.ms.migration.domain.Project">
    update project
    set workspace_id = #{workspaceId,jdbcType=VARCHAR},
      name = #{name,jdbcType=VARCHAR},
      description = #{description,jdbcType=VARCHAR},
      create_time = #{createTime,jdbcType=BIGINT},
      update_time = #{updateTime,jdbcType=BIGINT},
      tapd_id = #{tapdId,jdbcType=VARCHAR},
      jira_key = #{jiraKey,jdbcType=VARCHAR},
      zentao_id = #{zentaoId,jdbcType=VARCHAR},
      azure_devops_id = #{azureDevopsId,jdbcType=VARCHAR},
      case_template_id = #{caseTemplateId,jdbcType=VARCHAR},
      issue_template_id = #{issueTemplateId,jdbcType=VARCHAR},
      create_user = #{createUser,jdbcType=VARCHAR},
      system_id = #{systemId,jdbcType=VARCHAR},
      azure_filter_id = #{azureFilterId,jdbcType=VARCHAR},
      platform = #{platform,jdbcType=VARCHAR},
      third_part_template = #{thirdPartTemplate,jdbcType=BIT},
      version_enable = #{versionEnable,jdbcType=BIT},
      api_template_id = #{apiTemplateId,jdbcType=VARCHAR}
    where id = #{id,jdbcType=VARCHAR}
  </update>
</mapper>