<?xml version="1.0" encoding="UTF-8"?>
<!DOCTYPE mapper PUBLIC "-//mybatis.org//DTD Mapper 3.0//EN" "http://mybatis.org/dtd/mybatis-3-mapper.dtd">
<mapper namespace="com.ms.migration.salvemapper.SalveProjectVersionMapper">
  <resultMap id="BaseResultMap" type="com.ms.migration.domain.ProjectVersion">
    <id column="id" jdbcType="VARCHAR" property="id" />
    <result column="project_id" jdbcType="VARCHAR" property="projectId" />
    <result column="name" jdbcType="VARCHAR" property="name" />
    <result column="description" jdbcType="VARCHAR" property="description" />
    <result column="status" jdbcType="VARCHAR" property="status" />
    <result column="latest" jdbcType="BIT" property="latest" />
    <result column="publish_time" jdbcType="BIGINT" property="publishTime" />
    <result column="start_time" jdbcType="BIGINT" property="startTime" />
    <result column="end_time" jdbcType="BIGINT" property="endTime" />
    <result column="create_time" jdbcType="BIGINT" property="createTime" />
    <result column="create_user" jdbcType="VARCHAR" property="createUser" />
  </resultMap>
  <sql id="Example_Where_Clause">
    <where>
      <foreach collection="oredCriteria" item="criteria" separator="or">
        <if test="criteria.valid">
          <trim prefix="(" prefixOverrides="and" suffix=")">
            <foreach collection="criteria.criteria" item="criterion">
              <choose>
                <when test="criterion.noValue">
                  and ${criterion.condition}
                </when>
                <when test="criterion.singleValue">
                  and ${criterion.condition} #{criterion.value}
                </when>
                <when test="criterion.betweenValue">
                  and ${criterion.condition} #{criterion.value} and #{criterion.secondValue}
                </when>
                <when test="criterion.listValue">
                  and ${criterion.condition}
                  <foreach close=")" collection="criterion.value" item="listItem" open="(" separator=",">
                    #{listItem}
                  </foreach>
                </when>
              </choose>
            </foreach>
          </trim>
        </if>
      </foreach>
    </where>
  </sql>
  <sql id="Update_By_Example_Where_Clause">
    <where>
      <foreach collection="example.oredCriteria" item="criteria" separator="or">
        <if test="criteria.valid">
          <trim prefix="(" prefixOverrides="and" suffix=")">
            <foreach collection="criteria.criteria" item="criterion">
              <choose>
                <when test="criterion.noValue">
                  and ${criterion.condition}
                </when>
                <when test="criterion.singleValue">
                  and ${criterion.condition} #{criterion.value}
                </when>
                <when test="criterion.betweenValue">
                  and ${criterion.condition} #{criterion.value} and #{criterion.secondValue}
                </when>
                <when test="criterion.listValue">
                  and ${criterion.condition}
                  <foreach close=")" collection="criterion.value" item="listItem" open="(" separator=",">
                    #{listItem}
                  </foreach>
                </when>
              </choose>
            </foreach>
          </trim>
        </if>
      </foreach>
    </where>
  </sql>
  <sql id="Base_Column_List">
    id, project_id, name, description, status, latest, publish_time, start_time, end_time, 
    create_time, create_user
  </sql>
  <select id="selectByExample" parameterType="com.ms.migration.domain.ProjectVersionExample" resultMap="BaseResultMap">
    select
    <if test="distinct">
      distinct
    </if>
    <include refid="Base_Column_List" />
    from project_version
    <if test="_parameter != null">
      <include refid="Example_Where_Clause" />
    </if>
    <if test="orderByClause != null">
      order by ${orderByClause}
    </if>
  </select>
  <select id="selectByPrimaryKey" parameterType="java.lang.String" resultMap="BaseResultMap">
    select 
    <include refid="Base_Column_List" />
    from project_version
    where id = #{id,jdbcType=VARCHAR}
  </select>
  <delete id="deleteByPrimaryKey" parameterType="java.lang.String">
    delete from project_version
    where id = #{id,jdbcType=VARCHAR}
  </delete>
  <delete id="deleteByExample" parameterType="com.ms.migration.domain.ProjectVersionExample">
    delete from project_version
    <if test="_parameter != null">
      <include refid="Example_Where_Clause" />
    </if>
  </delete>
  <insert id="insert" parameterType="com.ms.migration.domain.ProjectVersion">
    insert into project_version (id, project_id, name, 
      description, status, latest, 
      publish_time, start_time, end_time, 
      create_time, create_user)
    values (#{id,jdbcType=VARCHAR}, #{projectId,jdbcType=VARCHAR}, #{name,jdbcType=VARCHAR}, 
      #{description,jdbcType=VARCHAR}, #{status,jdbcType=VARCHAR}, #{latest,jdbcType=BIT}, 
      #{publishTime,jdbcType=BIGINT}, #{startTime,jdbcType=BIGINT}, #{endTime,jdbcType=BIGINT}, 
      #{createTime,jdbcType=BIGINT}, #{createUser,jdbcType=VARCHAR})
  </insert>
  <insert id="insertSelective" parameterType="com.ms.migration.domain.ProjectVersion">
    insert into project_version
    <trim prefix="(" suffix=")" suffixOverrides=",">
      <if test="id != null">
        id,
      </if>
      <if test="projectId != null">
        project_id,
      </if>
      <if test="name != null">
        name,
      </if>
      <if test="description != null">
        description,
      </if>
      <if test="status != null">
        status,
      </if>
      <if test="latest != null">
        latest,
      </if>
      <if test="publishTime != null">
        publish_time,
      </if>
      <if test="startTime != null">
        start_time,
      </if>
      <if test="endTime != null">
        end_time,
      </if>
      <if test="createTime != null">
        create_time,
      </if>
      <if test="createUser != null">
        create_user,
      </if>
    </trim>
    <trim prefix="values (" suffix=")" suffixOverrides=",">
      <if test="id != null">
        #{id,jdbcType=VARCHAR},
      </if>
      <if test="projectId != null">
        #{projectId,jdbcType=VARCHAR},
      </if>
      <if test="name != null">
        #{name,jdbcType=VARCHAR},
      </if>
      <if test="description != null">
        #{description,jdbcType=VARCHAR},
      </if>
      <if test="status != null">
        #{status,jdbcType=VARCHAR},
      </if>
      <if test="latest != null">
        #{latest,jdbcType=BIT},
      </if>
      <if test="publishTime != null">
        #{publishTime,jdbcType=BIGINT},
      </if>
      <if test="startTime != null">
        #{startTime,jdbcType=BIGINT},
      </if>
      <if test="endTime != null">
        #{endTime,jdbcType=BIGINT},
      </if>
      <if test="createTime != null">
        #{createTime,jdbcType=BIGINT},
      </if>
      <if test="createUser != null">
        #{createUser,jdbcType=VARCHAR},
      </if>
    </trim>
  </insert>
  <select id="countByExample" parameterType="com.ms.migration.domain.ProjectVersionExample" resultType="java.lang.Long">
    select count(*) from project_version
    <if test="_parameter != null">
      <include refid="Example_Where_Clause" />
    </if>
  </select>
  <update id="updateByExampleSelective" parameterType="map">
    update project_version
    <set>
      <if test="record.id != null">
        id = #{record.id,jdbcType=VARCHAR},
      </if>
      <if test="record.projectId != null">
        project_id = #{record.projectId,jdbcType=VARCHAR},
      </if>
      <if test="record.name != null">
        name = #{record.name,jdbcType=VARCHAR},
      </if>
      <if test="record.description != null">
        description = #{record.description,jdbcType=VARCHAR},
      </if>
      <if test="record.status != null">
        status = #{record.status,jdbcType=VARCHAR},
      </if>
      <if test="record.latest != null">
        latest = #{record.latest,jdbcType=BIT},
      </if>
      <if test="record.publishTime != null">
        publish_time = #{record.publishTime,jdbcType=BIGINT},
      </if>
      <if test="record.startTime != null">
        start_time = #{record.startTime,jdbcType=BIGINT},
      </if>
      <if test="record.endTime != null">
        end_time = #{record.endTime,jdbcType=BIGINT},
      </if>
      <if test="record.createTime != null">
        create_time = #{record.createTime,jdbcType=BIGINT},
      </if>
      <if test="record.createUser != null">
        create_user = #{record.createUser,jdbcType=VARCHAR},
      </if>
    </set>
    <if test="_parameter != null">
      <include refid="Update_By_Example_Where_Clause" />
    </if>
  </update>
  <update id="updateByExample" parameterType="map">
    update project_version
    set id = #{record.id,jdbcType=VARCHAR},
      project_id = #{record.projectId,jdbcType=VARCHAR},
      name = #{record.name,jdbcType=VARCHAR},
      description = #{record.description,jdbcType=VARCHAR},
      status = #{record.status,jdbcType=VARCHAR},
      latest = #{record.latest,jdbcType=BIT},
      publish_time = #{record.publishTime,jdbcType=BIGINT},
      start_time = #{record.startTime,jdbcType=BIGINT},
      end_time = #{record.endTime,jdbcType=BIGINT},
      create_time = #{record.createTime,jdbcType=BIGINT},
      create_user = #{record.createUser,jdbcType=VARCHAR}
    <if test="_parameter != null">
      <include refid="Update_By_Example_Where_Clause" />
    </if>
  </update>
  <update id="updateByPrimaryKeySelective" parameterType="com.ms.migration.domain.ProjectVersion">
    update project_version
    <set>
      <if test="projectId != null">
        project_id = #{projectId,jdbcType=VARCHAR},
      </if>
      <if test="name != null">
        name = #{name,jdbcType=VARCHAR},
      </if>
      <if test="description != null">
        description = #{description,jdbcType=VARCHAR},
      </if>
      <if test="status != null">
        status = #{status,jdbcType=VARCHAR},
      </if>
      <if test="latest != null">
        latest = #{latest,jdbcType=BIT},
      </if>
      <if test="publishTime != null">
        publish_time = #{publishTime,jdbcType=BIGINT},
      </if>
      <if test="startTime != null">
        start_time = #{startTime,jdbcType=BIGINT},
      </if>
      <if test="endTime != null">
        end_time = #{endTime,jdbcType=BIGINT},
      </if>
      <if test="createTime != null">
        create_time = #{createTime,jdbcType=BIGINT},
      </if>
      <if test="createUser != null">
        create_user = #{createUser,jdbcType=VARCHAR},
      </if>
    </set>
    where id = #{id,jdbcType=VARCHAR}
  </update>
  <update id="updateByPrimaryKey" parameterType="com.ms.migration.domain.ProjectVersion">
    update project_version
    set project_id = #{projectId,jdbcType=VARCHAR},
      name = #{name,jdbcType=VARCHAR},
      description = #{description,jdbcType=VARCHAR},
      status = #{status,jdbcType=VARCHAR},
      latest = #{latest,jdbcType=BIT},
      publish_time = #{publishTime,jdbcType=BIGINT},
      start_time = #{startTime,jdbcType=BIGINT},
      end_time = #{endTime,jdbcType=BIGINT},
      create_time = #{createTime,jdbcType=BIGINT},
      create_user = #{createUser,jdbcType=VARCHAR}
    where id = #{id,jdbcType=VARCHAR}
  </update>
</mapper>