<?xml version="1.0" encoding="UTF-8"?>
<!DOCTYPE mapper PUBLIC "-//mybatis.org//DTD Mapper 3.0//EN" "http://mybatis.org/dtd/mybatis-3-mapper.dtd">
<mapper namespace="com.ms.migration.salvemapper.SalveMigrationMapper">

    <select id="getMaxLevel" parameterType="java.lang.String" resultType="java.lang.Integer">
        select MAX(level)
        from api_module
        where project_id = #{projectId,jdbcType=VARCHAR}
    </select>
    <select id="getModuleIdsByModuleId" parameterType="java.lang.String" resultType="java.lang.String">
        SELECT id
        from api_module
        where id = #{moduleId,jdbcType=VARCHAR}
            or parent_id = #{moduleId,jdbcType=VARCHAR}
    </select>
    <select id="getScenarioMaxLevel" parameterType="java.lang.String" resultType="java.lang.Integer">
        select MAX(level)
        from api_scenario_module
        where project_id = #{projectId,jdbcType=VARCHAR}
    </select>
    <select id="getDefinitionLastOrder" resultType="java.lang.Long">
        select `order` from api_definition where project_id = #{projectId}
        <if test="baseOrder != null">
            and `order` &gt; #{baseOrder}
        </if>
        order by `order` desc limit 1;
    </select>

    <select id="getCaseLastOrder" resultType="java.lang.Long">
        select `order` from api_test_case where project_id = #{projectId}
        <if test="baseOrder != null">
            and `order` &gt; #{baseOrder}
        </if>
        order by `order` desc limit 1;
    </select>
    <select id="getScenarioLastOrder" resultType="java.lang.Long">
        select `order` from api_scenario where project_id = #{projectId}
        <if test="baseOrder != null">
            and `order` &gt; #{baseOrder}
        </if>
        order by `order` desc limit 1;
    </select>


     <select id="getScenarioNextNum" resultType="java.lang.Integer">
        SELECT `num`
        FROM api_scenario
        WHERE api_scenario.project_id = #{projectId}
        ORDER BY num DESC LIMIT 1;
    </select>

    <select id="getCaseNextNum" resultType="java.lang.Integer">
        SELECT `num`
        FROM api_test_case
        WHERE api_test_case.api_definition_id = #{definitionId}
        ORDER BY num DESC
        LIMIT 1;
    </select>

    <select id="getDefinitionNextNum" resultType="java.lang.Integer">
        SELECT `num`
        FROM api_definition
        WHERE api_definition.project_id = #{projectId}
        ORDER BY num DESC
        LIMIT 1;
    </select>

     <select id="getDefinitionConcurrentNum" resultType="java.lang.Integer">
        SELECT `num`
        FROM api_definition
        WHERE api_definition.id = #{id}
    </select>
</mapper>