<?xml version="1.0" encoding="UTF-8"?>
<!DOCTYPE mapper PUBLIC "-//mybatis.org//DTD Mapper 3.0//EN" "http://mybatis.org/dtd/mybatis-3-mapper.dtd">
<mapper namespace="com.ms.migration.salvemapper.SalveApiScenarioMapper">
  <resultMap id="BaseResultMap" type="com.ms.migration.domain.ApiScenario">
    <id column="id" jdbcType="VARCHAR" property="id" />
    <result column="project_id" jdbcType="VARCHAR" property="projectId" />
    <result column="tags" jdbcType="VARCHAR" property="tags" />
    <result column="user_id" jdbcType="VARCHAR" property="userId" />
    <result column="api_scenario_module_id" jdbcType="VARCHAR" property="apiScenarioModuleId" />
    <result column="module_path" jdbcType="VARCHAR" property="modulePath" />
    <result column="name" jdbcType="VARCHAR" property="name" />
    <result column="level" jdbcType="VARCHAR" property="level" />
    <result column="status" jdbcType="VARCHAR" property="status" />
    <result column="principal" jdbcType="VARCHAR" property="principal" />
    <result column="step_total" jdbcType="INTEGER" property="stepTotal" />
    <result column="schedule" jdbcType="VARCHAR" property="schedule" />
    <result column="create_time" jdbcType="BIGINT" property="createTime" />
    <result column="update_time" jdbcType="BIGINT" property="updateTime" />
    <result column="pass_rate" jdbcType="VARCHAR" property="passRate" />
    <result column="last_result" jdbcType="VARCHAR" property="lastResult" />
    <result column="report_id" jdbcType="VARCHAR" property="reportId" />
    <result column="num" jdbcType="INTEGER" property="num" />
    <result column="original_state" jdbcType="VARCHAR" property="originalState" />
    <result column="custom_num" jdbcType="VARCHAR" property="customNum" />
    <result column="create_user" jdbcType="VARCHAR" property="createUser" />
    <result column="version" jdbcType="INTEGER" property="version" />
    <result column="delete_time" jdbcType="BIGINT" property="deleteTime" />
    <result column="delete_user_id" jdbcType="VARCHAR" property="deleteUserId" />
    <result column="execute_times" jdbcType="INTEGER" property="executeTimes" />
    <result column="order" jdbcType="BIGINT" property="order" />
    <result column="environment_type" jdbcType="VARCHAR" property="environmentType" />
    <result column="environment_group_id" jdbcType="VARCHAR" property="environmentGroupId" />
    <result column="version_id" jdbcType="VARCHAR" property="versionId" />
    <result column="ref_id" jdbcType="VARCHAR" property="refId" />
    <result column="latest" jdbcType="BIT" property="latest" />
  </resultMap>
  <resultMap extends="BaseResultMap" id="ResultMapWithBLOBs" type="com.ms.migration.domain.ApiScenarioWithBLOBs">
    <result column="scenario_definition" jdbcType="LONGVARCHAR" property="scenarioDefinition" />
    <result column="description" jdbcType="LONGVARCHAR" property="description" />
    <result column="environment_json" jdbcType="LONGVARCHAR" property="environmentJson" />
  </resultMap>
  <sql id="Example_Where_Clause">
    <where>
      <foreach collection="oredCriteria" item="criteria" separator="or">
        <if test="criteria.valid">
          <trim prefix="(" prefixOverrides="and" suffix=")">
            <foreach collection="criteria.criteria" item="criterion">
              <choose>
                <when test="criterion.noValue">
                  and ${criterion.condition}
                </when>
                <when test="criterion.singleValue">
                  and ${criterion.condition} #{criterion.value}
                </when>
                <when test="criterion.betweenValue">
                  and ${criterion.condition} #{criterion.value} and #{criterion.secondValue}
                </when>
                <when test="criterion.listValue">
                  and ${criterion.condition}
                  <foreach close=")" collection="criterion.value" item="listItem" open="(" separator=",">
                    #{listItem}
                  </foreach>
                </when>
              </choose>
            </foreach>
          </trim>
        </if>
      </foreach>
    </where>
  </sql>
  <sql id="Update_By_Example_Where_Clause">
    <where>
      <foreach collection="example.oredCriteria" item="criteria" separator="or">
        <if test="criteria.valid">
          <trim prefix="(" prefixOverrides="and" suffix=")">
            <foreach collection="criteria.criteria" item="criterion">
              <choose>
                <when test="criterion.noValue">
                  and ${criterion.condition}
                </when>
                <when test="criterion.singleValue">
                  and ${criterion.condition} #{criterion.value}
                </when>
                <when test="criterion.betweenValue">
                  and ${criterion.condition} #{criterion.value} and #{criterion.secondValue}
                </when>
                <when test="criterion.listValue">
                  and ${criterion.condition}
                  <foreach close=")" collection="criterion.value" item="listItem" open="(" separator=",">
                    #{listItem}
                  </foreach>
                </when>
              </choose>
            </foreach>
          </trim>
        </if>
      </foreach>
    </where>
  </sql>
  <sql id="Base_Column_List">
    id, project_id, tags, user_id, api_scenario_module_id, module_path, name, level, 
    status, principal, step_total, schedule, create_time, update_time, pass_rate, last_result, 
    report_id, num, original_state, custom_num, create_user, version, delete_time, delete_user_id, 
    execute_times, `order`, environment_type, environment_group_id, version_id, ref_id,
    latest
  </sql>
  <sql id="Blob_Column_List">
    scenario_definition, description, environment_json
  </sql>
  <select id="selectByExampleWithBLOBs" parameterType="com.ms.migration.domain.ApiScenarioExample" resultMap="ResultMapWithBLOBs">
    select
    <if test="distinct">
      distinct
    </if>
    <include refid="Base_Column_List" />
    ,
    <include refid="Blob_Column_List" />
    from api_scenario
    <if test="_parameter != null">
      <include refid="Example_Where_Clause" />
    </if>
    <if test="orderByClause != null">
      order by ${orderByClause}
    </if>
  </select>
  <select id="selectByExample" parameterType="com.ms.migration.domain.ApiScenarioExample" resultMap="BaseResultMap">
    select
    <if test="distinct">
      distinct
    </if>
    <include refid="Base_Column_List" />
    from api_scenario
    <if test="_parameter != null">
      <include refid="Example_Where_Clause" />
    </if>
    <if test="orderByClause != null">
      order by ${orderByClause}
    </if>
  </select>
  <select id="selectByPrimaryKey" parameterType="java.lang.String" resultMap="ResultMapWithBLOBs">
    select 
    <include refid="Base_Column_List" />
    ,
    <include refid="Blob_Column_List" />
    from api_scenario
    where id = #{id,jdbcType=VARCHAR}
  </select>
  <delete id="deleteByPrimaryKey" parameterType="java.lang.String">
    delete from api_scenario
    where id = #{id,jdbcType=VARCHAR}
  </delete>
  <delete id="deleteByExample" parameterType="com.ms.migration.domain.ApiScenarioExample">
    delete from api_scenario
    <if test="_parameter != null">
      <include refid="Example_Where_Clause" />
    </if>
  </delete>
  <insert id="insert" parameterType="com.ms.migration.domain.ApiScenarioWithBLOBs">
    insert into api_scenario (id, project_id, tags, 
      user_id, api_scenario_module_id, module_path, 
      name, level, status, 
      principal, step_total, schedule, 
      create_time, update_time, pass_rate, 
      last_result, report_id, num, 
      original_state, custom_num, create_user, 
      version, delete_time, delete_user_id, 
      execute_times, `order`, environment_type, 
      environment_group_id, version_id, ref_id, 
      latest, scenario_definition, description, 
      environment_json)
    values (#{id,jdbcType=VARCHAR}, #{projectId,jdbcType=VARCHAR}, #{tags,jdbcType=VARCHAR}, 
      #{userId,jdbcType=VARCHAR}, #{apiScenarioModuleId,jdbcType=VARCHAR}, #{modulePath,jdbcType=VARCHAR}, 
      #{name,jdbcType=VARCHAR}, #{level,jdbcType=VARCHAR}, #{status,jdbcType=VARCHAR}, 
      #{principal,jdbcType=VARCHAR}, #{stepTotal,jdbcType=INTEGER}, #{schedule,jdbcType=VARCHAR}, 
      #{createTime,jdbcType=BIGINT}, #{updateTime,jdbcType=BIGINT}, #{passRate,jdbcType=VARCHAR}, 
      #{lastResult,jdbcType=VARCHAR}, #{reportId,jdbcType=VARCHAR}, #{num,jdbcType=INTEGER}, 
      #{originalState,jdbcType=VARCHAR}, #{customNum,jdbcType=VARCHAR}, #{createUser,jdbcType=VARCHAR}, 
      #{version,jdbcType=INTEGER}, #{deleteTime,jdbcType=BIGINT}, #{deleteUserId,jdbcType=VARCHAR}, 
      #{executeTimes,jdbcType=INTEGER}, #{order,jdbcType=BIGINT}, #{environmentType,jdbcType=VARCHAR}, 
      #{environmentGroupId,jdbcType=VARCHAR}, #{versionId,jdbcType=VARCHAR}, #{refId,jdbcType=VARCHAR}, 
      #{latest,jdbcType=BIT}, #{scenarioDefinition,jdbcType=LONGVARCHAR}, #{description,jdbcType=LONGVARCHAR}, 
      #{environmentJson,jdbcType=LONGVARCHAR})
  </insert>
  <insert id="insertSelective" parameterType="com.ms.migration.domain.ApiScenarioWithBLOBs">
    insert into api_scenario
    <trim prefix="(" suffix=")" suffixOverrides=",">
      <if test="id != null">
        id,
      </if>
      <if test="projectId != null">
        project_id,
      </if>
      <if test="tags != null">
        tags,
      </if>
      <if test="userId != null">
        user_id,
      </if>
      <if test="apiScenarioModuleId != null">
        api_scenario_module_id,
      </if>
      <if test="modulePath != null">
        module_path,
      </if>
      <if test="name != null">
        name,
      </if>
      <if test="level != null">
        level,
      </if>
      <if test="status != null">
        status,
      </if>
      <if test="principal != null">
        principal,
      </if>
      <if test="stepTotal != null">
        step_total,
      </if>
      <if test="schedule != null">
        schedule,
      </if>
      <if test="createTime != null">
        create_time,
      </if>
      <if test="updateTime != null">
        update_time,
      </if>
      <if test="passRate != null">
        pass_rate,
      </if>
      <if test="lastResult != null">
        last_result,
      </if>
      <if test="reportId != null">
        report_id,
      </if>
      <if test="num != null">
        num,
      </if>
      <if test="originalState != null">
        original_state,
      </if>
      <if test="customNum != null">
        custom_num,
      </if>
      <if test="createUser != null">
        create_user,
      </if>
      <if test="version != null">
        version,
      </if>
      <if test="deleteTime != null">
        delete_time,
      </if>
      <if test="deleteUserId != null">
        delete_user_id,
      </if>
      <if test="executeTimes != null">
        execute_times,
      </if>
      <if test="order != null">
        `order`,
      </if>
      <if test="environmentType != null">
        environment_type,
      </if>
      <if test="environmentGroupId != null">
        environment_group_id,
      </if>
      <if test="versionId != null">
        version_id,
      </if>
      <if test="refId != null">
        ref_id,
      </if>
      <if test="latest != null">
        latest,
      </if>
      <if test="scenarioDefinition != null">
        scenario_definition,
      </if>
      <if test="description != null">
        description,
      </if>
      <if test="environmentJson != null">
        environment_json,
      </if>
    </trim>
    <trim prefix="values (" suffix=")" suffixOverrides=",">
      <if test="id != null">
        #{id,jdbcType=VARCHAR},
      </if>
      <if test="projectId != null">
        #{projectId,jdbcType=VARCHAR},
      </if>
      <if test="tags != null">
        #{tags,jdbcType=VARCHAR},
      </if>
      <if test="userId != null">
        #{userId,jdbcType=VARCHAR},
      </if>
      <if test="apiScenarioModuleId != null">
        #{apiScenarioModuleId,jdbcType=VARCHAR},
      </if>
      <if test="modulePath != null">
        #{modulePath,jdbcType=VARCHAR},
      </if>
      <if test="name != null">
        #{name,jdbcType=VARCHAR},
      </if>
      <if test="level != null">
        #{level,jdbcType=VARCHAR},
      </if>
      <if test="status != null">
        #{status,jdbcType=VARCHAR},
      </if>
      <if test="principal != null">
        #{principal,jdbcType=VARCHAR},
      </if>
      <if test="stepTotal != null">
        #{stepTotal,jdbcType=INTEGER},
      </if>
      <if test="schedule != null">
        #{schedule,jdbcType=VARCHAR},
      </if>
      <if test="createTime != null">
        #{createTime,jdbcType=BIGINT},
      </if>
      <if test="updateTime != null">
        #{updateTime,jdbcType=BIGINT},
      </if>
      <if test="passRate != null">
        #{passRate,jdbcType=VARCHAR},
      </if>
      <if test="lastResult != null">
        #{lastResult,jdbcType=VARCHAR},
      </if>
      <if test="reportId != null">
        #{reportId,jdbcType=VARCHAR},
      </if>
      <if test="num != null">
        #{num,jdbcType=INTEGER},
      </if>
      <if test="originalState != null">
        #{originalState,jdbcType=VARCHAR},
      </if>
      <if test="customNum != null">
        #{customNum,jdbcType=VARCHAR},
      </if>
      <if test="createUser != null">
        #{createUser,jdbcType=VARCHAR},
      </if>
      <if test="version != null">
        #{version,jdbcType=INTEGER},
      </if>
      <if test="deleteTime != null">
        #{deleteTime,jdbcType=BIGINT},
      </if>
      <if test="deleteUserId != null">
        #{deleteUserId,jdbcType=VARCHAR},
      </if>
      <if test="executeTimes != null">
        #{executeTimes,jdbcType=INTEGER},
      </if>
      <if test="order != null">
        #{order,jdbcType=BIGINT},
      </if>
      <if test="environmentType != null">
        #{environmentType,jdbcType=VARCHAR},
      </if>
      <if test="environmentGroupId != null">
        #{environmentGroupId,jdbcType=VARCHAR},
      </if>
      <if test="versionId != null">
        #{versionId,jdbcType=VARCHAR},
      </if>
      <if test="refId != null">
        #{refId,jdbcType=VARCHAR},
      </if>
      <if test="latest != null">
        #{latest,jdbcType=BIT},
      </if>
      <if test="scenarioDefinition != null">
        #{scenarioDefinition,jdbcType=LONGVARCHAR},
      </if>
      <if test="description != null">
        #{description,jdbcType=LONGVARCHAR},
      </if>
      <if test="environmentJson != null">
        #{environmentJson,jdbcType=LONGVARCHAR},
      </if>
    </trim>
  </insert>
  <select id="countByExample" parameterType="com.ms.migration.domain.ApiScenarioExample" resultType="java.lang.Long">
    select count(*) from api_scenario
    <if test="_parameter != null">
      <include refid="Example_Where_Clause" />
    </if>
  </select>
  <update id="updateByExampleSelective" parameterType="map">
    update api_scenario
    <set>
      <if test="record.id != null">
        id = #{record.id,jdbcType=VARCHAR},
      </if>
      <if test="record.projectId != null">
        project_id = #{record.projectId,jdbcType=VARCHAR},
      </if>
      <if test="record.tags != null">
        tags = #{record.tags,jdbcType=VARCHAR},
      </if>
      <if test="record.userId != null">
        user_id = #{record.userId,jdbcType=VARCHAR},
      </if>
      <if test="record.apiScenarioModuleId != null">
        api_scenario_module_id = #{record.apiScenarioModuleId,jdbcType=VARCHAR},
      </if>
      <if test="record.modulePath != null">
        module_path = #{record.modulePath,jdbcType=VARCHAR},
      </if>
      <if test="record.name != null">
        name = #{record.name,jdbcType=VARCHAR},
      </if>
      <if test="record.level != null">
        level = #{record.level,jdbcType=VARCHAR},
      </if>
      <if test="record.status != null">
        status = #{record.status,jdbcType=VARCHAR},
      </if>
      <if test="record.principal != null">
        principal = #{record.principal,jdbcType=VARCHAR},
      </if>
      <if test="record.stepTotal != null">
        step_total = #{record.stepTotal,jdbcType=INTEGER},
      </if>
      <if test="record.schedule != null">
        schedule = #{record.schedule,jdbcType=VARCHAR},
      </if>
      <if test="record.createTime != null">
        create_time = #{record.createTime,jdbcType=BIGINT},
      </if>
      <if test="record.updateTime != null">
        update_time = #{record.updateTime,jdbcType=BIGINT},
      </if>
      <if test="record.passRate != null">
        pass_rate = #{record.passRate,jdbcType=VARCHAR},
      </if>
      <if test="record.lastResult != null">
        last_result = #{record.lastResult,jdbcType=VARCHAR},
      </if>
      <if test="record.reportId != null">
        report_id = #{record.reportId,jdbcType=VARCHAR},
      </if>
      <if test="record.num != null">
        num = #{record.num,jdbcType=INTEGER},
      </if>
      <if test="record.originalState != null">
        original_state = #{record.originalState,jdbcType=VARCHAR},
      </if>
      <if test="record.customNum != null">
        custom_num = #{record.customNum,jdbcType=VARCHAR},
      </if>
      <if test="record.createUser != null">
        create_user = #{record.createUser,jdbcType=VARCHAR},
      </if>
      <if test="record.version != null">
        version = #{record.version,jdbcType=INTEGER},
      </if>
      <if test="record.deleteTime != null">
        delete_time = #{record.deleteTime,jdbcType=BIGINT},
      </if>
      <if test="record.deleteUserId != null">
        delete_user_id = #{record.deleteUserId,jdbcType=VARCHAR},
      </if>
      <if test="record.executeTimes != null">
        execute_times = #{record.executeTimes,jdbcType=INTEGER},
      </if>
      <if test="record.order != null">
        `order` = #{record.order,jdbcType=BIGINT},
      </if>
      <if test="record.environmentType != null">
        environment_type = #{record.environmentType,jdbcType=VARCHAR},
      </if>
      <if test="record.environmentGroupId != null">
        environment_group_id = #{record.environmentGroupId,jdbcType=VARCHAR},
      </if>
      <if test="record.versionId != null">
        version_id = #{record.versionId,jdbcType=VARCHAR},
      </if>
      <if test="record.refId != null">
        ref_id = #{record.refId,jdbcType=VARCHAR},
      </if>
      <if test="record.latest != null">
        latest = #{record.latest,jdbcType=BIT},
      </if>
      <if test="record.scenarioDefinition != null">
        scenario_definition = #{record.scenarioDefinition,jdbcType=LONGVARCHAR},
      </if>
      <if test="record.description != null">
        description = #{record.description,jdbcType=LONGVARCHAR},
      </if>
      <if test="record.environmentJson != null">
        environment_json = #{record.environmentJson,jdbcType=LONGVARCHAR},
      </if>
    </set>
    <if test="_parameter != null">
      <include refid="Update_By_Example_Where_Clause" />
    </if>
  </update>
  <update id="updateByExampleWithBLOBs" parameterType="map">
    update api_scenario
    set id = #{record.id,jdbcType=VARCHAR},
      project_id = #{record.projectId,jdbcType=VARCHAR},
      tags = #{record.tags,jdbcType=VARCHAR},
      user_id = #{record.userId,jdbcType=VARCHAR},
      api_scenario_module_id = #{record.apiScenarioModuleId,jdbcType=VARCHAR},
      module_path = #{record.modulePath,jdbcType=VARCHAR},
      name = #{record.name,jdbcType=VARCHAR},
      level = #{record.level,jdbcType=VARCHAR},
      status = #{record.status,jdbcType=VARCHAR},
      principal = #{record.principal,jdbcType=VARCHAR},
      step_total = #{record.stepTotal,jdbcType=INTEGER},
      schedule = #{record.schedule,jdbcType=VARCHAR},
      create_time = #{record.createTime,jdbcType=BIGINT},
      update_time = #{record.updateTime,jdbcType=BIGINT},
      pass_rate = #{record.passRate,jdbcType=VARCHAR},
      last_result = #{record.lastResult,jdbcType=VARCHAR},
      report_id = #{record.reportId,jdbcType=VARCHAR},
      num = #{record.num,jdbcType=INTEGER},
      original_state = #{record.originalState,jdbcType=VARCHAR},
      custom_num = #{record.customNum,jdbcType=VARCHAR},
      create_user = #{record.createUser,jdbcType=VARCHAR},
      version = #{record.version,jdbcType=INTEGER},
      delete_time = #{record.deleteTime,jdbcType=BIGINT},
      delete_user_id = #{record.deleteUserId,jdbcType=VARCHAR},
      execute_times = #{record.executeTimes,jdbcType=INTEGER},
      `order` = #{record.order,jdbcType=BIGINT},
      environment_type = #{record.environmentType,jdbcType=VARCHAR},
      environment_group_id = #{record.environmentGroupId,jdbcType=VARCHAR},
      version_id = #{record.versionId,jdbcType=VARCHAR},
      ref_id = #{record.refId,jdbcType=VARCHAR},
      latest = #{record.latest,jdbcType=BIT},
      scenario_definition = #{record.scenarioDefinition,jdbcType=LONGVARCHAR},
      description = #{record.description,jdbcType=LONGVARCHAR},
      environment_json = #{record.environmentJson,jdbcType=LONGVARCHAR}
    <if test="_parameter != null">
      <include refid="Update_By_Example_Where_Clause" />
    </if>
  </update>
  <update id="updateByExample" parameterType="map">
    update api_scenario
    set id = #{record.id,jdbcType=VARCHAR},
      project_id = #{record.projectId,jdbcType=VARCHAR},
      tags = #{record.tags,jdbcType=VARCHAR},
      user_id = #{record.userId,jdbcType=VARCHAR},
      api_scenario_module_id = #{record.apiScenarioModuleId,jdbcType=VARCHAR},
      module_path = #{record.modulePath,jdbcType=VARCHAR},
      name = #{record.name,jdbcType=VARCHAR},
      level = #{record.level,jdbcType=VARCHAR},
      status = #{record.status,jdbcType=VARCHAR},
      principal = #{record.principal,jdbcType=VARCHAR},
      step_total = #{record.stepTotal,jdbcType=INTEGER},
      schedule = #{record.schedule,jdbcType=VARCHAR},
      create_time = #{record.createTime,jdbcType=BIGINT},
      update_time = #{record.updateTime,jdbcType=BIGINT},
      pass_rate = #{record.passRate,jdbcType=VARCHAR},
      last_result = #{record.lastResult,jdbcType=VARCHAR},
      report_id = #{record.reportId,jdbcType=VARCHAR},
      num = #{record.num,jdbcType=INTEGER},
      original_state = #{record.originalState,jdbcType=VARCHAR},
      custom_num = #{record.customNum,jdbcType=VARCHAR},
      create_user = #{record.createUser,jdbcType=VARCHAR},
      version = #{record.version,jdbcType=INTEGER},
      delete_time = #{record.deleteTime,jdbcType=BIGINT},
      delete_user_id = #{record.deleteUserId,jdbcType=VARCHAR},
      execute_times = #{record.executeTimes,jdbcType=INTEGER},
      `order` = #{record.order,jdbcType=BIGINT},
      environment_type = #{record.environmentType,jdbcType=VARCHAR},
      environment_group_id = #{record.environmentGroupId,jdbcType=VARCHAR},
      version_id = #{record.versionId,jdbcType=VARCHAR},
      ref_id = #{record.refId,jdbcType=VARCHAR},
      latest = #{record.latest,jdbcType=BIT}
    <if test="_parameter != null">
      <include refid="Update_By_Example_Where_Clause" />
    </if>
  </update>
  <update id="updateByPrimaryKeySelective" parameterType="com.ms.migration.domain.ApiScenarioWithBLOBs">
    update api_scenario
    <set>
      <if test="projectId != null">
        project_id = #{projectId,jdbcType=VARCHAR},
      </if>
      <if test="tags != null">
        tags = #{tags,jdbcType=VARCHAR},
      </if>
      <if test="userId != null">
        user_id = #{userId,jdbcType=VARCHAR},
      </if>
      <if test="apiScenarioModuleId != null">
        api_scenario_module_id = #{apiScenarioModuleId,jdbcType=VARCHAR},
      </if>
      <if test="modulePath != null">
        module_path = #{modulePath,jdbcType=VARCHAR},
      </if>
      <if test="name != null">
        name = #{name,jdbcType=VARCHAR},
      </if>
      <if test="level != null">
        level = #{level,jdbcType=VARCHAR},
      </if>
      <if test="status != null">
        status = #{status,jdbcType=VARCHAR},
      </if>
      <if test="principal != null">
        principal = #{principal,jdbcType=VARCHAR},
      </if>
      <if test="stepTotal != null">
        step_total = #{stepTotal,jdbcType=INTEGER},
      </if>
      <if test="schedule != null">
        schedule = #{schedule,jdbcType=VARCHAR},
      </if>
      <if test="createTime != null">
        create_time = #{createTime,jdbcType=BIGINT},
      </if>
      <if test="updateTime != null">
        update_time = #{updateTime,jdbcType=BIGINT},
      </if>
      <if test="passRate != null">
        pass_rate = #{passRate,jdbcType=VARCHAR},
      </if>
      <if test="lastResult != null">
        last_result = #{lastResult,jdbcType=VARCHAR},
      </if>
      <if test="reportId != null">
        report_id = #{reportId,jdbcType=VARCHAR},
      </if>
      <if test="num != null">
        num = #{num,jdbcType=INTEGER},
      </if>
      <if test="originalState != null">
        original_state = #{originalState,jdbcType=VARCHAR},
      </if>
      <if test="customNum != null">
        custom_num = #{customNum,jdbcType=VARCHAR},
      </if>
      <if test="createUser != null">
        create_user = #{createUser,jdbcType=VARCHAR},
      </if>
      <if test="version != null">
        version = #{version,jdbcType=INTEGER},
      </if>
      <if test="deleteTime != null">
        delete_time = #{deleteTime,jdbcType=BIGINT},
      </if>
      <if test="deleteUserId != null">
        delete_user_id = #{deleteUserId,jdbcType=VARCHAR},
      </if>
      <if test="executeTimes != null">
        execute_times = #{executeTimes,jdbcType=INTEGER},
      </if>
      <if test="order != null">
        `order` = #{order,jdbcType=BIGINT},
      </if>
      <if test="environmentType != null">
        environment_type = #{environmentType,jdbcType=VARCHAR},
      </if>
      <if test="environmentGroupId != null">
        environment_group_id = #{environmentGroupId,jdbcType=VARCHAR},
      </if>
      <if test="versionId != null">
        version_id = #{versionId,jdbcType=VARCHAR},
      </if>
      <if test="refId != null">
        ref_id = #{refId,jdbcType=VARCHAR},
      </if>
      <if test="latest != null">
        latest = #{latest,jdbcType=BIT},
      </if>
      <if test="scenarioDefinition != null">
        scenario_definition = #{scenarioDefinition,jdbcType=LONGVARCHAR},
      </if>
      <if test="description != null">
        description = #{description,jdbcType=LONGVARCHAR},
      </if>
      <if test="environmentJson != null">
        environment_json = #{environmentJson,jdbcType=LONGVARCHAR},
      </if>
    </set>
    where id = #{id,jdbcType=VARCHAR}
  </update>
  <update id="updateByPrimaryKeyWithBLOBs" parameterType="com.ms.migration.domain.ApiScenarioWithBLOBs">
    update api_scenario
    set project_id = #{projectId,jdbcType=VARCHAR},
      tags = #{tags,jdbcType=VARCHAR},
      user_id = #{userId,jdbcType=VARCHAR},
      api_scenario_module_id = #{apiScenarioModuleId,jdbcType=VARCHAR},
      module_path = #{modulePath,jdbcType=VARCHAR},
      name = #{name,jdbcType=VARCHAR},
      level = #{level,jdbcType=VARCHAR},
      status = #{status,jdbcType=VARCHAR},
      principal = #{principal,jdbcType=VARCHAR},
      step_total = #{stepTotal,jdbcType=INTEGER},
      schedule = #{schedule,jdbcType=VARCHAR},
      create_time = #{createTime,jdbcType=BIGINT},
      update_time = #{updateTime,jdbcType=BIGINT},
      pass_rate = #{passRate,jdbcType=VARCHAR},
      last_result = #{lastResult,jdbcType=VARCHAR},
      report_id = #{reportId,jdbcType=VARCHAR},
      num = #{num,jdbcType=INTEGER},
      original_state = #{originalState,jdbcType=VARCHAR},
      custom_num = #{customNum,jdbcType=VARCHAR},
      create_user = #{createUser,jdbcType=VARCHAR},
      version = #{version,jdbcType=INTEGER},
      delete_time = #{deleteTime,jdbcType=BIGINT},
      delete_user_id = #{deleteUserId,jdbcType=VARCHAR},
      execute_times = #{executeTimes,jdbcType=INTEGER},
      `order` = #{order,jdbcType=BIGINT},
      environment_type = #{environmentType,jdbcType=VARCHAR},
      environment_group_id = #{environmentGroupId,jdbcType=VARCHAR},
      version_id = #{versionId,jdbcType=VARCHAR},
      ref_id = #{refId,jdbcType=VARCHAR},
      latest = #{latest,jdbcType=BIT},
      scenario_definition = #{scenarioDefinition,jdbcType=LONGVARCHAR},
      description = #{description,jdbcType=LONGVARCHAR},
      environment_json = #{environmentJson,jdbcType=LONGVARCHAR}
    where id = #{id,jdbcType=VARCHAR}
  </update>
  <update id="updateByPrimaryKey" parameterType="com.ms.migration.domain.ApiScenario">
    update api_scenario
    set project_id = #{projectId,jdbcType=VARCHAR},
      tags = #{tags,jdbcType=VARCHAR},
      user_id = #{userId,jdbcType=VARCHAR},
      api_scenario_module_id = #{apiScenarioModuleId,jdbcType=VARCHAR},
      module_path = #{modulePath,jdbcType=VARCHAR},
      name = #{name,jdbcType=VARCHAR},
      level = #{level,jdbcType=VARCHAR},
      status = #{status,jdbcType=VARCHAR},
      principal = #{principal,jdbcType=VARCHAR},
      step_total = #{stepTotal,jdbcType=INTEGER},
      schedule = #{schedule,jdbcType=VARCHAR},
      create_time = #{createTime,jdbcType=BIGINT},
      update_time = #{updateTime,jdbcType=BIGINT},
      pass_rate = #{passRate,jdbcType=VARCHAR},
      last_result = #{lastResult,jdbcType=VARCHAR},
      report_id = #{reportId,jdbcType=VARCHAR},
      num = #{num,jdbcType=INTEGER},
      original_state = #{originalState,jdbcType=VARCHAR},
      custom_num = #{customNum,jdbcType=VARCHAR},
      create_user = #{createUser,jdbcType=VARCHAR},
      version = #{version,jdbcType=INTEGER},
      delete_time = #{deleteTime,jdbcType=BIGINT},
      delete_user_id = #{deleteUserId,jdbcType=VARCHAR},
      execute_times = #{executeTimes,jdbcType=INTEGER},
      `order` = #{order,jdbcType=BIGINT},
      environment_type = #{environmentType,jdbcType=VARCHAR},
      environment_group_id = #{environmentGroupId,jdbcType=VARCHAR},
      version_id = #{versionId,jdbcType=VARCHAR},
      ref_id = #{refId,jdbcType=VARCHAR},
      latest = #{latest,jdbcType=BIT}
    where id = #{id,jdbcType=VARCHAR}
  </update>
</mapper>