<?xml version="1.0" encoding="UTF-8"?>
<!DOCTYPE mapper PUBLIC "-//mybatis.org//DTD Mapper 3.0//EN" "http://mybatis.org/dtd/mybatis-3-mapper.dtd">
<mapper namespace="com.ms.migration.salvemapper.SalveApiDefinitionMapper">
  <resultMap id="BaseResultMap" type="com.ms.migration.domain.ApiDefinition">
    <id column="id" jdbcType="VARCHAR" property="id" />
    <result column="project_id" jdbcType="VARCHAR" property="projectId" />
    <result column="name" jdbcType="VARCHAR" property="name" />
    <result column="method" jdbcType="VARCHAR" property="method" />
    <result column="protocol" jdbcType="VARCHAR" property="protocol" />
    <result column="path" jdbcType="VARCHAR" property="path" />
    <result column="module_path" jdbcType="VARCHAR" property="modulePath" />
    <result column="environment_id" jdbcType="VARCHAR" property="environmentId" />
    <result column="schedule" jdbcType="VARCHAR" property="schedule" />
    <result column="status" jdbcType="VARCHAR" property="status" />
    <result column="module_id" jdbcType="VARCHAR" property="moduleId" />
    <result column="user_id" jdbcType="VARCHAR" property="userId" />
    <result column="create_time" jdbcType="BIGINT" property="createTime" />
    <result column="update_time" jdbcType="BIGINT" property="updateTime" />
    <result column="num" jdbcType="INTEGER" property="num" />
    <result column="tags" jdbcType="VARCHAR" property="tags" />
    <result column="original_state" jdbcType="VARCHAR" property="originalState" />
    <result column="create_user" jdbcType="VARCHAR" property="createUser" />
    <result column="case_total" jdbcType="VARCHAR" property="caseTotal" />
    <result column="case_status" jdbcType="VARCHAR" property="caseStatus" />
    <result column="case_passing_rate" jdbcType="VARCHAR" property="casePassingRate" />
    <result column="delete_time" jdbcType="BIGINT" property="deleteTime" />
    <result column="delete_user_id" jdbcType="VARCHAR" property="deleteUserId" />
    <result column="order" jdbcType="BIGINT" property="order" />
    <result column="version_id" jdbcType="VARCHAR" property="versionId" />
    <result column="ref_id" jdbcType="VARCHAR" property="refId" />
    <result column="latest" jdbcType="BIT" property="latest" />
    <result column="to_be_updated" jdbcType="BIT" property="toBeUpdated" />
    <result column="to_be_update_Time" jdbcType="BIGINT" property="toBeUpdateTime" />
  </resultMap>
  <resultMap extends="BaseResultMap" id="ResultMapWithBLOBs" type="com.ms.migration.domain.ApiDefinitionWithBLOBs">
    <result column="description" jdbcType="LONGVARCHAR" property="description" />
    <result column="request" jdbcType="LONGVARCHAR" property="request" />
    <result column="response" jdbcType="LONGVARCHAR" property="response" />
    <result column="remark" jdbcType="LONGVARCHAR" property="remark" />
  </resultMap>
  <sql id="Example_Where_Clause">
    <where>
      <foreach collection="oredCriteria" item="criteria" separator="or">
        <if test="criteria.valid">
          <trim prefix="(" prefixOverrides="and" suffix=")">
            <foreach collection="criteria.criteria" item="criterion">
              <choose>
                <when test="criterion.noValue">
                  and ${criterion.condition}
                </when>
                <when test="criterion.singleValue">
                  and ${criterion.condition} #{criterion.value}
                </when>
                <when test="criterion.betweenValue">
                  and ${criterion.condition} #{criterion.value} and #{criterion.secondValue}
                </when>
                <when test="criterion.listValue">
                  and ${criterion.condition}
                  <foreach close=")" collection="criterion.value" item="listItem" open="(" separator=",">
                    #{listItem}
                  </foreach>
                </when>
              </choose>
            </foreach>
          </trim>
        </if>
      </foreach>
    </where>
  </sql>
  <sql id="Update_By_Example_Where_Clause">
    <where>
      <foreach collection="example.oredCriteria" item="criteria" separator="or">
        <if test="criteria.valid">
          <trim prefix="(" prefixOverrides="and" suffix=")">
            <foreach collection="criteria.criteria" item="criterion">
              <choose>
                <when test="criterion.noValue">
                  and ${criterion.condition}
                </when>
                <when test="criterion.singleValue">
                  and ${criterion.condition} #{criterion.value}
                </when>
                <when test="criterion.betweenValue">
                  and ${criterion.condition} #{criterion.value} and #{criterion.secondValue}
                </when>
                <when test="criterion.listValue">
                  and ${criterion.condition}
                  <foreach close=")" collection="criterion.value" item="listItem" open="(" separator=",">
                    #{listItem}
                  </foreach>
                </when>
              </choose>
            </foreach>
          </trim>
        </if>
      </foreach>
    </where>
  </sql>
  <sql id="Base_Column_List">
    id, project_id, name, method, protocol, path, module_path, environment_id, schedule, 
    status, module_id, user_id, create_time, update_time, num, tags, original_state, 
    create_user, case_total, case_status, case_passing_rate, delete_time, delete_user_id, 
    `order`, version_id, ref_id, latest, to_be_updated, to_be_update_Time
  </sql>
  <sql id="Blob_Column_List">
    description, request, response, remark
  </sql>
  <select id="selectByExampleWithBLOBs" parameterType="com.ms.migration.domain.ApiDefinitionExample" resultMap="ResultMapWithBLOBs">
    select
    <if test="distinct">
      distinct
    </if>
    <include refid="Base_Column_List" />
    ,
    <include refid="Blob_Column_List" />
    from api_definition
    <if test="_parameter != null">
      <include refid="Example_Where_Clause" />
    </if>
    <if test="orderByClause != null">
      order by ${orderByClause}
    </if>
  </select>
  <select id="selectByExample" parameterType="com.ms.migration.domain.ApiDefinitionExample" resultMap="BaseResultMap">
    select
    <if test="distinct">
      distinct
    </if>
    <include refid="Base_Column_List" />
    from api_definition
    <if test="_parameter != null">
      <include refid="Example_Where_Clause" />
    </if>
    <if test="orderByClause != null">
      order by ${orderByClause}
    </if>
  </select>
  <select id="selectByPrimaryKey" parameterType="java.lang.String" resultMap="ResultMapWithBLOBs">
    select 
    <include refid="Base_Column_List" />
    ,
    <include refid="Blob_Column_List" />
    from api_definition
    where id = #{id,jdbcType=VARCHAR}
  </select>
  <delete id="deleteByPrimaryKey" parameterType="java.lang.String">
    delete from api_definition
    where id = #{id,jdbcType=VARCHAR}
  </delete>
  <delete id="deleteByExample" parameterType="com.ms.migration.domain.ApiDefinitionExample">
    delete from api_definition
    <if test="_parameter != null">
      <include refid="Example_Where_Clause" />
    </if>
  </delete>
  <insert id="insert" parameterType="com.ms.migration.domain.ApiDefinitionWithBLOBs">
    insert into api_definition (id, project_id, name, 
      method, protocol, path, 
      module_path, environment_id, schedule, 
      status, module_id, user_id, 
      create_time, update_time, num, 
      tags, original_state, create_user, 
      case_total, case_status, case_passing_rate, 
      delete_time, delete_user_id, `order`, 
      version_id, ref_id, latest, 
      to_be_updated, to_be_update_Time, description, 
      request, response, remark
      )
    values (#{id,jdbcType=VARCHAR}, #{projectId,jdbcType=VARCHAR}, #{name,jdbcType=VARCHAR}, 
      #{method,jdbcType=VARCHAR}, #{protocol,jdbcType=VARCHAR}, #{path,jdbcType=VARCHAR}, 
      #{modulePath,jdbcType=VARCHAR}, #{environmentId,jdbcType=VARCHAR}, #{schedule,jdbcType=VARCHAR}, 
      #{status,jdbcType=VARCHAR}, #{moduleId,jdbcType=VARCHAR}, #{userId,jdbcType=VARCHAR}, 
      #{createTime,jdbcType=BIGINT}, #{updateTime,jdbcType=BIGINT}, #{num,jdbcType=INTEGER}, 
      #{tags,jdbcType=VARCHAR}, #{originalState,jdbcType=VARCHAR}, #{createUser,jdbcType=VARCHAR}, 
      #{caseTotal,jdbcType=VARCHAR}, #{caseStatus,jdbcType=VARCHAR}, #{casePassingRate,jdbcType=VARCHAR}, 
      #{deleteTime,jdbcType=BIGINT}, #{deleteUserId,jdbcType=VARCHAR}, #{order,jdbcType=BIGINT}, 
      #{versionId,jdbcType=VARCHAR}, #{refId,jdbcType=VARCHAR}, #{latest,jdbcType=BIT}, 
      #{toBeUpdated,jdbcType=BIT}, #{toBeUpdateTime,jdbcType=BIGINT}, #{description,jdbcType=LONGVARCHAR}, 
      #{request,jdbcType=LONGVARCHAR}, #{response,jdbcType=LONGVARCHAR}, #{remark,jdbcType=LONGVARCHAR}
      )
  </insert>
  <insert id="insertSelective" parameterType="com.ms.migration.domain.ApiDefinitionWithBLOBs">
    insert into api_definition
    <trim prefix="(" suffix=")" suffixOverrides=",">
      <if test="id != null">
        id,
      </if>
      <if test="projectId != null">
        project_id,
      </if>
      <if test="name != null">
        name,
      </if>
      <if test="method != null">
        method,
      </if>
      <if test="protocol != null">
        protocol,
      </if>
      <if test="path != null">
        path,
      </if>
      <if test="modulePath != null">
        module_path,
      </if>
      <if test="environmentId != null">
        environment_id,
      </if>
      <if test="schedule != null">
        schedule,
      </if>
      <if test="status != null">
        status,
      </if>
      <if test="moduleId != null">
        module_id,
      </if>
      <if test="userId != null">
        user_id,
      </if>
      <if test="createTime != null">
        create_time,
      </if>
      <if test="updateTime != null">
        update_time,
      </if>
      <if test="num != null">
        num,
      </if>
      <if test="tags != null">
        tags,
      </if>
      <if test="originalState != null">
        original_state,
      </if>
      <if test="createUser != null">
        create_user,
      </if>
      <if test="caseTotal != null">
        case_total,
      </if>
      <if test="caseStatus != null">
        case_status,
      </if>
      <if test="casePassingRate != null">
        case_passing_rate,
      </if>
      <if test="deleteTime != null">
        delete_time,
      </if>
      <if test="deleteUserId != null">
        delete_user_id,
      </if>
      <if test="order != null">
        `order`,
      </if>
      <if test="versionId != null">
        version_id,
      </if>
      <if test="refId != null">
        ref_id,
      </if>
      <if test="latest != null">
        latest,
      </if>
      <if test="toBeUpdated != null">
        to_be_updated,
      </if>
      <if test="toBeUpdateTime != null">
        to_be_update_Time,
      </if>
      <if test="description != null">
        description,
      </if>
      <if test="request != null">
        request,
      </if>
      <if test="response != null">
        response,
      </if>
      <if test="remark != null">
        remark,
      </if>
    </trim>
    <trim prefix="values (" suffix=")" suffixOverrides=",">
      <if test="id != null">
        #{id,jdbcType=VARCHAR},
      </if>
      <if test="projectId != null">
        #{projectId,jdbcType=VARCHAR},
      </if>
      <if test="name != null">
        #{name,jdbcType=VARCHAR},
      </if>
      <if test="method != null">
        #{method,jdbcType=VARCHAR},
      </if>
      <if test="protocol != null">
        #{protocol,jdbcType=VARCHAR},
      </if>
      <if test="path != null">
        #{path,jdbcType=VARCHAR},
      </if>
      <if test="modulePath != null">
        #{modulePath,jdbcType=VARCHAR},
      </if>
      <if test="environmentId != null">
        #{environmentId,jdbcType=VARCHAR},
      </if>
      <if test="schedule != null">
        #{schedule,jdbcType=VARCHAR},
      </if>
      <if test="status != null">
        #{status,jdbcType=VARCHAR},
      </if>
      <if test="moduleId != null">
        #{moduleId,jdbcType=VARCHAR},
      </if>
      <if test="userId != null">
        #{userId,jdbcType=VARCHAR},
      </if>
      <if test="createTime != null">
        #{createTime,jdbcType=BIGINT},
      </if>
      <if test="updateTime != null">
        #{updateTime,jdbcType=BIGINT},
      </if>
      <if test="num != null">
        #{num,jdbcType=INTEGER},
      </if>
      <if test="tags != null">
        #{tags,jdbcType=VARCHAR},
      </if>
      <if test="originalState != null">
        #{originalState,jdbcType=VARCHAR},
      </if>
      <if test="createUser != null">
        #{createUser,jdbcType=VARCHAR},
      </if>
      <if test="caseTotal != null">
        #{caseTotal,jdbcType=VARCHAR},
      </if>
      <if test="caseStatus != null">
        #{caseStatus,jdbcType=VARCHAR},
      </if>
      <if test="casePassingRate != null">
        #{casePassingRate,jdbcType=VARCHAR},
      </if>
      <if test="deleteTime != null">
        #{deleteTime,jdbcType=BIGINT},
      </if>
      <if test="deleteUserId != null">
        #{deleteUserId,jdbcType=VARCHAR},
      </if>
      <if test="order != null">
        #{order,jdbcType=BIGINT},
      </if>
      <if test="versionId != null">
        #{versionId,jdbcType=VARCHAR},
      </if>
      <if test="refId != null">
        #{refId,jdbcType=VARCHAR},
      </if>
      <if test="latest != null">
        #{latest,jdbcType=BIT},
      </if>
      <if test="toBeUpdated != null">
        #{toBeUpdated,jdbcType=BIT},
      </if>
      <if test="toBeUpdateTime != null">
        #{toBeUpdateTime,jdbcType=BIGINT},
      </if>
      <if test="description != null">
        #{description,jdbcType=LONGVARCHAR},
      </if>
      <if test="request != null">
        #{request,jdbcType=LONGVARCHAR},
      </if>
      <if test="response != null">
        #{response,jdbcType=LONGVARCHAR},
      </if>
      <if test="remark != null">
        #{remark,jdbcType=LONGVARCHAR},
      </if>
    </trim>
  </insert>
  <select id="countByExample" parameterType="com.ms.migration.domain.ApiDefinitionExample" resultType="java.lang.Long">
    select count(*) from api_definition
    <if test="_parameter != null">
      <include refid="Example_Where_Clause" />
    </if>
  </select>
  <update id="updateByExampleSelective" parameterType="map">
    update api_definition
    <set>
      <if test="record.id != null">
        id = #{record.id,jdbcType=VARCHAR},
      </if>
      <if test="record.projectId != null">
        project_id = #{record.projectId,jdbcType=VARCHAR},
      </if>
      <if test="record.name != null">
        name = #{record.name,jdbcType=VARCHAR},
      </if>
      <if test="record.method != null">
        method = #{record.method,jdbcType=VARCHAR},
      </if>
      <if test="record.protocol != null">
        protocol = #{record.protocol,jdbcType=VARCHAR},
      </if>
      <if test="record.path != null">
        path = #{record.path,jdbcType=VARCHAR},
      </if>
      <if test="record.modulePath != null">
        module_path = #{record.modulePath,jdbcType=VARCHAR},
      </if>
      <if test="record.environmentId != null">
        environment_id = #{record.environmentId,jdbcType=VARCHAR},
      </if>
      <if test="record.schedule != null">
        schedule = #{record.schedule,jdbcType=VARCHAR},
      </if>
      <if test="record.status != null">
        status = #{record.status,jdbcType=VARCHAR},
      </if>
      <if test="record.moduleId != null">
        module_id = #{record.moduleId,jdbcType=VARCHAR},
      </if>
      <if test="record.userId != null">
        user_id = #{record.userId,jdbcType=VARCHAR},
      </if>
      <if test="record.createTime != null">
        create_time = #{record.createTime,jdbcType=BIGINT},
      </if>
      <if test="record.updateTime != null">
        update_time = #{record.updateTime,jdbcType=BIGINT},
      </if>
      <if test="record.num != null">
        num = #{record.num,jdbcType=INTEGER},
      </if>
      <if test="record.tags != null">
        tags = #{record.tags,jdbcType=VARCHAR},
      </if>
      <if test="record.originalState != null">
        original_state = #{record.originalState,jdbcType=VARCHAR},
      </if>
      <if test="record.createUser != null">
        create_user = #{record.createUser,jdbcType=VARCHAR},
      </if>
      <if test="record.caseTotal != null">
        case_total = #{record.caseTotal,jdbcType=VARCHAR},
      </if>
      <if test="record.caseStatus != null">
        case_status = #{record.caseStatus,jdbcType=VARCHAR},
      </if>
      <if test="record.casePassingRate != null">
        case_passing_rate = #{record.casePassingRate,jdbcType=VARCHAR},
      </if>
      <if test="record.deleteTime != null">
        delete_time = #{record.deleteTime,jdbcType=BIGINT},
      </if>
      <if test="record.deleteUserId != null">
        delete_user_id = #{record.deleteUserId,jdbcType=VARCHAR},
      </if>
      <if test="record.order != null">
        `order` = #{record.order,jdbcType=BIGINT},
      </if>
      <if test="record.versionId != null">
        version_id = #{record.versionId,jdbcType=VARCHAR},
      </if>
      <if test="record.refId != null">
        ref_id = #{record.refId,jdbcType=VARCHAR},
      </if>
      <if test="record.latest != null">
        latest = #{record.latest,jdbcType=BIT},
      </if>
      <if test="record.toBeUpdated != null">
        to_be_updated = #{record.toBeUpdated,jdbcType=BIT},
      </if>
      <if test="record.toBeUpdateTime != null">
        to_be_update_Time = #{record.toBeUpdateTime,jdbcType=BIGINT},
      </if>
      <if test="record.description != null">
        description = #{record.description,jdbcType=LONGVARCHAR},
      </if>
      <if test="record.request != null">
        request = #{record.request,jdbcType=LONGVARCHAR},
      </if>
      <if test="record.response != null">
        response = #{record.response,jdbcType=LONGVARCHAR},
      </if>
      <if test="record.remark != null">
        remark = #{record.remark,jdbcType=LONGVARCHAR},
      </if>
    </set>
    <if test="_parameter != null">
      <include refid="Update_By_Example_Where_Clause" />
    </if>
  </update>
  <update id="updateByExampleWithBLOBs" parameterType="map">
    update api_definition
    set id = #{record.id,jdbcType=VARCHAR},
      project_id = #{record.projectId,jdbcType=VARCHAR},
      name = #{record.name,jdbcType=VARCHAR},
      method = #{record.method,jdbcType=VARCHAR},
      protocol = #{record.protocol,jdbcType=VARCHAR},
      path = #{record.path,jdbcType=VARCHAR},
      module_path = #{record.modulePath,jdbcType=VARCHAR},
      environment_id = #{record.environmentId,jdbcType=VARCHAR},
      schedule = #{record.schedule,jdbcType=VARCHAR},
      status = #{record.status,jdbcType=VARCHAR},
      module_id = #{record.moduleId,jdbcType=VARCHAR},
      user_id = #{record.userId,jdbcType=VARCHAR},
      create_time = #{record.createTime,jdbcType=BIGINT},
      update_time = #{record.updateTime,jdbcType=BIGINT},
      num = #{record.num,jdbcType=INTEGER},
      tags = #{record.tags,jdbcType=VARCHAR},
      original_state = #{record.originalState,jdbcType=VARCHAR},
      create_user = #{record.createUser,jdbcType=VARCHAR},
      case_total = #{record.caseTotal,jdbcType=VARCHAR},
      case_status = #{record.caseStatus,jdbcType=VARCHAR},
      case_passing_rate = #{record.casePassingRate,jdbcType=VARCHAR},
      delete_time = #{record.deleteTime,jdbcType=BIGINT},
      delete_user_id = #{record.deleteUserId,jdbcType=VARCHAR},
      `order` = #{record.order,jdbcType=BIGINT},
      version_id = #{record.versionId,jdbcType=VARCHAR},
      ref_id = #{record.refId,jdbcType=VARCHAR},
      latest = #{record.latest,jdbcType=BIT},
      to_be_updated = #{record.toBeUpdated,jdbcType=BIT},
      to_be_update_Time = #{record.toBeUpdateTime,jdbcType=BIGINT},
      description = #{record.description,jdbcType=LONGVARCHAR},
      request = #{record.request,jdbcType=LONGVARCHAR},
      response = #{record.response,jdbcType=LONGVARCHAR},
      remark = #{record.remark,jdbcType=LONGVARCHAR}
    <if test="_parameter != null">
      <include refid="Update_By_Example_Where_Clause" />
    </if>
  </update>
  <update id="updateByExample" parameterType="map">
    update api_definition
    set id = #{record.id,jdbcType=VARCHAR},
      project_id = #{record.projectId,jdbcType=VARCHAR},
      name = #{record.name,jdbcType=VARCHAR},
      method = #{record.method,jdbcType=VARCHAR},
      protocol = #{record.protocol,jdbcType=VARCHAR},
      path = #{record.path,jdbcType=VARCHAR},
      module_path = #{record.modulePath,jdbcType=VARCHAR},
      environment_id = #{record.environmentId,jdbcType=VARCHAR},
      schedule = #{record.schedule,jdbcType=VARCHAR},
      status = #{record.status,jdbcType=VARCHAR},
      module_id = #{record.moduleId,jdbcType=VARCHAR},
      user_id = #{record.userId,jdbcType=VARCHAR},
      create_time = #{record.createTime,jdbcType=BIGINT},
      update_time = #{record.updateTime,jdbcType=BIGINT},
      num = #{record.num,jdbcType=INTEGER},
      tags = #{record.tags,jdbcType=VARCHAR},
      original_state = #{record.originalState,jdbcType=VARCHAR},
      create_user = #{record.createUser,jdbcType=VARCHAR},
      case_total = #{record.caseTotal,jdbcType=VARCHAR},
      case_status = #{record.caseStatus,jdbcType=VARCHAR},
      case_passing_rate = #{record.casePassingRate,jdbcType=VARCHAR},
      delete_time = #{record.deleteTime,jdbcType=BIGINT},
      delete_user_id = #{record.deleteUserId,jdbcType=VARCHAR},
      `order` = #{record.order,jdbcType=BIGINT},
      version_id = #{record.versionId,jdbcType=VARCHAR},
      ref_id = #{record.refId,jdbcType=VARCHAR},
      latest = #{record.latest,jdbcType=BIT},
      to_be_updated = #{record.toBeUpdated,jdbcType=BIT},
      to_be_update_Time = #{record.toBeUpdateTime,jdbcType=BIGINT}
    <if test="_parameter != null">
      <include refid="Update_By_Example_Where_Clause" />
    </if>
  </update>
  <update id="updateByPrimaryKeySelective" parameterType="com.ms.migration.domain.ApiDefinitionWithBLOBs">
    update api_definition
    <set>
      <if test="projectId != null">
        project_id = #{projectId,jdbcType=VARCHAR},
      </if>
      <if test="name != null">
        name = #{name,jdbcType=VARCHAR},
      </if>
      <if test="method != null">
        method = #{method,jdbcType=VARCHAR},
      </if>
      <if test="protocol != null">
        protocol = #{protocol,jdbcType=VARCHAR},
      </if>
      <if test="path != null">
        path = #{path,jdbcType=VARCHAR},
      </if>
      <if test="modulePath != null">
        module_path = #{modulePath,jdbcType=VARCHAR},
      </if>
      <if test="environmentId != null">
        environment_id = #{environmentId,jdbcType=VARCHAR},
      </if>
      <if test="schedule != null">
        schedule = #{schedule,jdbcType=VARCHAR},
      </if>
      <if test="status != null">
        status = #{status,jdbcType=VARCHAR},
      </if>
      <if test="moduleId != null">
        module_id = #{moduleId,jdbcType=VARCHAR},
      </if>
      <if test="userId != null">
        user_id = #{userId,jdbcType=VARCHAR},
      </if>
      <if test="createTime != null">
        create_time = #{createTime,jdbcType=BIGINT},
      </if>
      <if test="updateTime != null">
        update_time = #{updateTime,jdbcType=BIGINT},
      </if>
      <if test="num != null">
        num = #{num,jdbcType=INTEGER},
      </if>
      <if test="tags != null">
        tags = #{tags,jdbcType=VARCHAR},
      </if>
      <if test="originalState != null">
        original_state = #{originalState,jdbcType=VARCHAR},
      </if>
      <if test="createUser != null">
        create_user = #{createUser,jdbcType=VARCHAR},
      </if>
      <if test="caseTotal != null">
        case_total = #{caseTotal,jdbcType=VARCHAR},
      </if>
      <if test="caseStatus != null">
        case_status = #{caseStatus,jdbcType=VARCHAR},
      </if>
      <if test="casePassingRate != null">
        case_passing_rate = #{casePassingRate,jdbcType=VARCHAR},
      </if>
      <if test="deleteTime != null">
        delete_time = #{deleteTime,jdbcType=BIGINT},
      </if>
      <if test="deleteUserId != null">
        delete_user_id = #{deleteUserId,jdbcType=VARCHAR},
      </if>
      <if test="order != null">
        `order` = #{order,jdbcType=BIGINT},
      </if>
      <if test="versionId != null">
        version_id = #{versionId,jdbcType=VARCHAR},
      </if>
      <if test="refId != null">
        ref_id = #{refId,jdbcType=VARCHAR},
      </if>
      <if test="latest != null">
        latest = #{latest,jdbcType=BIT},
      </if>
      <if test="toBeUpdated != null">
        to_be_updated = #{toBeUpdated,jdbcType=BIT},
      </if>
      <if test="toBeUpdateTime != null">
        to_be_update_Time = #{toBeUpdateTime,jdbcType=BIGINT},
      </if>
      <if test="description != null">
        description = #{description,jdbcType=LONGVARCHAR},
      </if>
      <if test="request != null">
        request = #{request,jdbcType=LONGVARCHAR},
      </if>
      <if test="response != null">
        response = #{response,jdbcType=LONGVARCHAR},
      </if>
      <if test="remark != null">
        remark = #{remark,jdbcType=LONGVARCHAR},
      </if>
    </set>
    where id = #{id,jdbcType=VARCHAR}
  </update>
  <update id="updateByPrimaryKeyWithBLOBs" parameterType="com.ms.migration.domain.ApiDefinitionWithBLOBs">
    update api_definition
    set project_id = #{projectId,jdbcType=VARCHAR},
      name = #{name,jdbcType=VARCHAR},
      method = #{method,jdbcType=VARCHAR},
      protocol = #{protocol,jdbcType=VARCHAR},
      path = #{path,jdbcType=VARCHAR},
      module_path = #{modulePath,jdbcType=VARCHAR},
      environment_id = #{environmentId,jdbcType=VARCHAR},
      schedule = #{schedule,jdbcType=VARCHAR},
      status = #{status,jdbcType=VARCHAR},
      module_id = #{moduleId,jdbcType=VARCHAR},
      user_id = #{userId,jdbcType=VARCHAR},
      create_time = #{createTime,jdbcType=BIGINT},
      update_time = #{updateTime,jdbcType=BIGINT},
      num = #{num,jdbcType=INTEGER},
      tags = #{tags,jdbcType=VARCHAR},
      original_state = #{originalState,jdbcType=VARCHAR},
      create_user = #{createUser,jdbcType=VARCHAR},
      case_total = #{caseTotal,jdbcType=VARCHAR},
      case_status = #{caseStatus,jdbcType=VARCHAR},
      case_passing_rate = #{casePassingRate,jdbcType=VARCHAR},
      delete_time = #{deleteTime,jdbcType=BIGINT},
      delete_user_id = #{deleteUserId,jdbcType=VARCHAR},
      `order` = #{order,jdbcType=BIGINT},
      version_id = #{versionId,jdbcType=VARCHAR},
      ref_id = #{refId,jdbcType=VARCHAR},
      latest = #{latest,jdbcType=BIT},
      to_be_updated = #{toBeUpdated,jdbcType=BIT},
      to_be_update_Time = #{toBeUpdateTime,jdbcType=BIGINT},
      description = #{description,jdbcType=LONGVARCHAR},
      request = #{request,jdbcType=LONGVARCHAR},
      response = #{response,jdbcType=LONGVARCHAR},
      remark = #{remark,jdbcType=LONGVARCHAR}
    where id = #{id,jdbcType=VARCHAR}
  </update>
  <update id="updateByPrimaryKey" parameterType="com.ms.migration.domain.ApiDefinition">
    update api_definition
    set project_id = #{projectId,jdbcType=VARCHAR},
      name = #{name,jdbcType=VARCHAR},
      method = #{method,jdbcType=VARCHAR},
      protocol = #{protocol,jdbcType=VARCHAR},
      path = #{path,jdbcType=VARCHAR},
      module_path = #{modulePath,jdbcType=VARCHAR},
      environment_id = #{environmentId,jdbcType=VARCHAR},
      schedule = #{schedule,jdbcType=VARCHAR},
      status = #{status,jdbcType=VARCHAR},
      module_id = #{moduleId,jdbcType=VARCHAR},
      user_id = #{userId,jdbcType=VARCHAR},
      create_time = #{createTime,jdbcType=BIGINT},
      update_time = #{updateTime,jdbcType=BIGINT},
      num = #{num,jdbcType=INTEGER},
      tags = #{tags,jdbcType=VARCHAR},
      original_state = #{originalState,jdbcType=VARCHAR},
      create_user = #{createUser,jdbcType=VARCHAR},
      case_total = #{caseTotal,jdbcType=VARCHAR},
      case_status = #{caseStatus,jdbcType=VARCHAR},
      case_passing_rate = #{casePassingRate,jdbcType=VARCHAR},
      delete_time = #{deleteTime,jdbcType=BIGINT},
      delete_user_id = #{deleteUserId,jdbcType=VARCHAR},
      `order` = #{order,jdbcType=BIGINT},
      version_id = #{versionId,jdbcType=VARCHAR},
      ref_id = #{refId,jdbcType=VARCHAR},
      latest = #{latest,jdbcType=BIT},
      to_be_updated = #{toBeUpdated,jdbcType=BIT},
      to_be_update_Time = #{toBeUpdateTime,jdbcType=BIGINT}
    where id = #{id,jdbcType=VARCHAR}
  </update>
</mapper>